date,user,0
2024-11-05 00:00:00+00:00,1.246.198.121,17
2024-11-05 00:00:00+00:00,10.142.192.35,16
2024-11-05 00:00:00+00:00,10.190.89.56,16
2024-11-05 00:00:00+00:00,104.223.4.152,25
2024-11-05 00:00:00+00:00,114.141.140.234,13
2024-11-05 00:00:00+00:00,115.207.1.7,23
2024-11-05 00:00:00+00:00,116.224.243.194,14
2024-11-05 00:00:00+00:00,117.181.95.102,15
2024-11-05 00:00:00+00:00,117.80.143.182,19
2024-11-05 00:00:00+00:00,118.124.226.86,19
2024-11-05 00:00:00+00:00,118.195.57.167,23
2024-11-05 00:00:00+00:00,119.67.190.215,22
2024-11-05 00:00:00+00:00,123.5.221.175,22
2024-11-05 00:00:00+00:00,126.112.39.140,11
2024-11-05 00:00:00+00:00,131.81.219.80,18
2024-11-05 00:00:00+00:00,134.33.109.180,23
2024-11-05 00:00:00+00:00,141.124.207.225,15
2024-11-05 00:00:00+00:00,141.173.46.136,10
2024-11-05 00:00:00+00:00,143.24.204.39,24
2024-11-05 00:00:00+00:00,144.210.203.87,10
2024-11-05 00:00:00+00:00,146.154.226.5,18
2024-11-05 00:00:00+00:00,147.17.142.164,24
2024-11-05 00:00:00+00:00,151.126.41.3,19
2024-11-05 00:00:00+00:00,151.151.18.179,11
2024-11-05 00:00:00+00:00,152.203.206.101,19
2024-11-05 00:00:00+00:00,153.253.210.136,16
2024-11-05 00:00:00+00:00,154.157.84.12,16
2024-11-05 00:00:00+00:00,16.138.79.24,13
2024-11-05 00:00:00+00:00,16.178.127.144,16
2024-11-05 00:00:00+00:00,163.132.129.132,15
2024-11-05 00:00:00+00:00,163.30.59.142,21
2024-11-05 00:00:00+00:00,164.237.253.43,15
2024-11-05 00:00:00+00:00,168.52.15.207,27
2024-11-05 00:00:00+00:00,169.115.165.166,15
2024-11-05 00:00:00+00:00,17.184.251.122,13
2024-11-05 00:00:00+00:00,17.38.20.53,16
2024-11-05 00:00:00+00:00,177.213.148.170,22
2024-11-05 00:00:00+00:00,180.174.17.129,26
2024-11-05 00:00:00+00:00,183.26.101.177,25
2024-11-05 00:00:00+00:00,19.109.239.85,17
2024-11-05 00:00:00+00:00,19.23.152.34,13
2024-11-05 00:00:00+00:00,19.45.14.137,15
2024-11-05 00:00:00+00:00,19.97.79.18,21
2024-11-05 00:00:00+00:00,190.211.45.222,21
2024-11-05 00:00:00+00:00,192.202.237.80,19
2024-11-05 00:00:00+00:00,198.157.234.223,22
2024-11-05 00:00:00+00:00,202.12.73.234,26
2024-11-05 00:00:00+00:00,203.39.28.162,19
2024-11-05 00:00:00+00:00,205.89.192.218,19
2024-11-05 00:00:00+00:00,21.219.115.25,20
2024-11-05 00:00:00+00:00,21.253.16.69,13
2024-11-05 00:00:00+00:00,212.135.141.117,14
2024-11-05 00:00:00+00:00,213.234.129.146,12
2024-11-05 00:00:00+00:00,213.37.249.19,19
2024-11-05 00:00:00+00:00,218.101.62.138,19
2024-11-05 00:00:00+00:00,219.11.39.18,18
2024-11-05 00:00:00+00:00,22.123.240.63,18
2024-11-05 00:00:00+00:00,23.47.127.187,18
2024-11-05 00:00:00+00:00,24.114.28.93,25
2024-11-05 00:00:00+00:00,25.240.246.60,23
2024-11-05 00:00:00+00:00,32.190.172.163,22
2024-11-05 00:00:00+00:00,34.119.112.114,18
2024-11-05 00:00:00+00:00,34.29.193.101,16
2024-11-05 00:00:00+00:00,36.42.83.178,15
2024-11-05 00:00:00+00:00,42.76.165.224,19
2024-11-05 00:00:00+00:00,45.128.251.203,19
2024-11-05 00:00:00+00:00,47.181.11.22,15
2024-11-05 00:00:00+00:00,48.176.75.135,16
2024-11-05 00:00:00+00:00,48.68.162.92,16
2024-11-05 00:00:00+00:00,49.45.166.157,16
2024-11-05 00:00:00+00:00,49.82.115.19,12
2024-11-05 00:00:00+00:00,52.34.36.174,22
2024-11-05 00:00:00+00:00,54.142.132.92,15
2024-11-05 00:00:00+00:00,58.81.111.203,16
2024-11-05 00:00:00+00:00,66.225.53.7,23
2024-11-05 00:00:00+00:00,69.186.240.244,12
2024-11-05 00:00:00+00:00,71.112.90.154,26
2024-11-05 00:00:00+00:00,84.165.26.212,16
2024-11-05 00:00:00+00:00,84.247.193.97,13
2024-11-05 00:00:00+00:00,86.27.9.218,27
2024-11-05 00:00:00+00:00,87.88.10.34,21
2024-11-05 00:00:00+00:00,88.32.95.194,22
2024-11-05 00:00:00+00:00,89.191.39.35,21
2024-11-05 00:00:00+00:00,89.52.14.191,20
2024-11-05 00:00:00+00:00,9.68.27.160,13
2024-11-05 00:00:00+00:00,96.67.108.239,22
2024-11-05 00:00:00+00:00,98.35.77.84,27
2024-11-06 00:00:00+00:00,1.63.22.38,2
2024-11-06 00:00:00+00:00,101.212.160.100,4
2024-11-06 00:00:00+00:00,109.45.153.108,3
2024-11-06 00:00:00+00:00,11.147.175.236,5
2024-11-06 00:00:00+00:00,114.194.90.147,4
2024-11-06 00:00:00+00:00,128.83.78.206,5
2024-11-06 00:00:00+00:00,132.193.107.77,3
2024-11-06 00:00:00+00:00,132.88.174.193,8
2024-11-06 00:00:00+00:00,133.222.161.219,5
2024-11-06 00:00:00+00:00,134.74.77.138,7
2024-11-06 00:00:00+00:00,135.49.18.67,5
2024-11-06 00:00:00+00:00,14.186.160.101,3
2024-11-06 00:00:00+00:00,140.111.211.153,4
2024-11-06 00:00:00+00:00,140.207.153.233,5
2024-11-06 00:00:00+00:00,142.158.232.243,7
2024-11-06 00:00:00+00:00,147.226.101.18,2
2024-11-06 00:00:00+00:00,148.18.217.153,6
2024-11-06 00:00:00+00:00,150.94.107.201,6
2024-11-06 00:00:00+00:00,152.151.51.188,8
2024-11-06 00:00:00+00:00,152.79.128.193,3
2024-11-06 00:00:00+00:00,161.63.76.231,3
2024-11-06 00:00:00+00:00,162.69.35.72,6
2024-11-06 00:00:00+00:00,165.216.222.116,1
2024-11-06 00:00:00+00:00,166.83.224.151,4
2024-11-06 00:00:00+00:00,168.153.100.29,5
2024-11-06 00:00:00+00:00,17.117.158.69,3
2024-11-06 00:00:00+00:00,172.144.193.220,4
2024-11-06 00:00:00+00:00,173.229.113.38,4
2024-11-06 00:00:00+00:00,173.30.126.100,4
2024-11-06 00:00:00+00:00,174.117.1.21,4
2024-11-06 00:00:00+00:00,177.2.4.81,1
2024-11-06 00:00:00+00:00,177.66.150.117,3
2024-11-06 00:00:00+00:00,179.32.174.235,7
2024-11-06 00:00:00+00:00,180.142.241.249,3
2024-11-06 00:00:00+00:00,180.26.245.174,7
2024-11-06 00:00:00+00:00,184.2.255.149,2
2024-11-06 00:00:00+00:00,189.246.11.255,3
2024-11-06 00:00:00+00:00,19.201.211.215,4
2024-11-06 00:00:00+00:00,190.126.247.61,4
2024-11-06 00:00:00+00:00,190.55.169.32,3
2024-11-06 00:00:00+00:00,194.18.152.236,4
2024-11-06 00:00:00+00:00,197.46.188.87,4
2024-11-06 00:00:00+00:00,198.170.225.236,5
2024-11-06 00:00:00+00:00,198.185.183.103,8
2024-11-06 00:00:00+00:00,198.200.198.71,2
2024-11-06 00:00:00+00:00,199.226.121.168,4
2024-11-06 00:00:00+00:00,2.70.69.89,5
2024-11-06 00:00:00+00:00,20.27.74.46,3
2024-11-06 00:00:00+00:00,200.42.123.96,4
2024-11-06 00:00:00+00:00,201.166.129.97,2
2024-11-06 00:00:00+00:00,201.203.136.247,3
2024-11-06 00:00:00+00:00,202.221.70.218,6
2024-11-06 00:00:00+00:00,203.108.118.125,6
2024-11-06 00:00:00+00:00,205.126.228.43,5
2024-11-06 00:00:00+00:00,205.98.77.30,14
2024-11-06 00:00:00+00:00,208.219.194.53,3
2024-11-06 00:00:00+00:00,208.41.21.3,5
2024-11-06 00:00:00+00:00,216.240.129.163,5
2024-11-06 00:00:00+00:00,22.195.125.47,1
2024-11-06 00:00:00+00:00,22.51.11.110,4
2024-11-06 00:00:00+00:00,223.63.21.123,3
2024-11-06 00:00:00+00:00,29.24.33.76,3
2024-11-06 00:00:00+00:00,3.198.253.8,4
2024-11-06 00:00:00+00:00,31.193.33.221,4
2024-11-06 00:00:00+00:00,32.123.118.183,3
2024-11-06 00:00:00+00:00,32.76.71.127,6
2024-11-06 00:00:00+00:00,34.61.164.181,3
2024-11-06 00:00:00+00:00,35.35.49.151,9
2024-11-06 00:00:00+00:00,39.101.104.64,2
2024-11-06 00:00:00+00:00,42.92.219.234,4
2024-11-06 00:00:00+00:00,45.87.200.181,7
2024-11-06 00:00:00+00:00,49.90.163.182,7
2024-11-06 00:00:00+00:00,5.164.73.232,4
2024-11-06 00:00:00+00:00,51.100.110.29,2
2024-11-06 00:00:00+00:00,51.143.188.65,4
2024-11-06 00:00:00+00:00,53.161.246.193,4
2024-11-06 00:00:00+00:00,55.225.23.41,1
2024-11-06 00:00:00+00:00,56.200.103.213,5
2024-11-06 00:00:00+00:00,57.101.205.21,5
2024-11-06 00:00:00+00:00,57.53.165.71,5
2024-11-06 00:00:00+00:00,57.62.12.75,2
2024-11-06 00:00:00+00:00,62.166.44.5,2
2024-11-06 00:00:00+00:00,65.124.125.241,6
2024-11-06 00:00:00+00:00,66.50.115.111,4
2024-11-06 00:00:00+00:00,67.175.252.128,10
2024-11-06 00:00:00+00:00,7.147.220.76,2
2024-11-06 00:00:00+00:00,70.169.203.16,4
2024-11-06 00:00:00+00:00,71.71.184.63,4
2024-11-06 00:00:00+00:00,73.226.106.68,7
2024-11-06 00:00:00+00:00,78.126.237.43,3
2024-11-06 00:00:00+00:00,78.30.20.104,2
2024-11-06 00:00:00+00:00,78.63.132.65,2
2024-11-06 00:00:00+00:00,83.223.171.131,3
2024-11-06 00:00:00+00:00,98.235.116.84,3
2024-11-07 00:00:00+00:00,103.30.57.247,17
2024-11-07 00:00:00+00:00,104.51.164.111,20
2024-11-07 00:00:00+00:00,11.206.248.199,18
2024-11-07 00:00:00+00:00,11.91.68.216,13
2024-11-07 00:00:00+00:00,112.207.42.218,21
2024-11-07 00:00:00+00:00,113.149.33.153,29
2024-11-07 00:00:00+00:00,117.211.197.9,17
2024-11-07 00:00:00+00:00,117.7.89.142,20
2024-11-07 00:00:00+00:00,121.105.144.50,19
2024-11-07 00:00:00+00:00,121.166.163.34,25
2024-11-07 00:00:00+00:00,133.9.138.192,15
2024-11-07 00:00:00+00:00,134.9.133.13,15
2024-11-07 00:00:00+00:00,135.128.200.57,21
2024-11-07 00:00:00+00:00,135.221.195.168,22
2024-11-07 00:00:00+00:00,139.16.4.143,20
2024-11-07 00:00:00+00:00,147.108.220.170,22
2024-11-07 00:00:00+00:00,147.184.194.192,25
2024-11-07 00:00:00+00:00,151.139.32.87,17
2024-11-07 00:00:00+00:00,155.75.111.2,20
2024-11-07 00:00:00+00:00,159.52.222.57,22
2024-11-07 00:00:00+00:00,166.205.235.146,21
2024-11-07 00:00:00+00:00,168.208.11.76,18
2024-11-07 00:00:00+00:00,168.64.42.252,22
2024-11-07 00:00:00+00:00,174.83.184.43,27
2024-11-07 00:00:00+00:00,175.248.136.223,13
2024-11-07 00:00:00+00:00,176.207.231.191,17
2024-11-07 00:00:00+00:00,182.41.141.109,20
2024-11-07 00:00:00+00:00,184.107.188.251,22
2024-11-07 00:00:00+00:00,184.75.249.171,15
2024-11-07 00:00:00+00:00,185.143.219.97,14
2024-11-07 00:00:00+00:00,185.34.45.25,24
2024-11-07 00:00:00+00:00,188.255.35.22,24
2024-11-07 00:00:00+00:00,188.8.81.50,20
2024-11-07 00:00:00+00:00,188.9.216.172,19
2024-11-07 00:00:00+00:00,191.26.126.170,21
2024-11-07 00:00:00+00:00,191.82.139.48,20
2024-11-07 00:00:00+00:00,196.150.202.48,27
2024-11-07 00:00:00+00:00,205.217.223.40,21
2024-11-07 00:00:00+00:00,207.202.86.199,14
2024-11-07 00:00:00+00:00,216.213.79.209,23
2024-11-07 00:00:00+00:00,218.195.40.13,15
2024-11-07 00:00:00+00:00,221.203.153.90,15
2024-11-07 00:00:00+00:00,223.251.130.154,28
2024-11-07 00:00:00+00:00,23.166.76.154,21
2024-11-07 00:00:00+00:00,25.118.161.115,25
2024-11-07 00:00:00+00:00,25.150.176.236,20
2024-11-07 00:00:00+00:00,25.182.87.24,20
2024-11-07 00:00:00+00:00,3.181.236.21,14
2024-11-07 00:00:00+00:00,34.107.211.39,19
2024-11-07 00:00:00+00:00,34.219.147.170,20
2024-11-07 00:00:00+00:00,34.92.169.91,32
2024-11-07 00:00:00+00:00,38.51.199.99,26
2024-11-07 00:00:00+00:00,40.100.219.215,26
2024-11-07 00:00:00+00:00,42.248.203.116,23
2024-11-07 00:00:00+00:00,50.10.170.12,22
2024-11-07 00:00:00+00:00,55.167.64.47,23
2024-11-07 00:00:00+00:00,70.184.96.152,16
2024-11-07 00:00:00+00:00,70.199.166.193,25
2024-11-07 00:00:00+00:00,72.81.59.217,24
2024-11-07 00:00:00+00:00,73.129.97.241,20
2024-11-07 00:00:00+00:00,80.226.150.191,26
2024-11-07 00:00:00+00:00,83.249.112.62,24
2024-11-07 00:00:00+00:00,85.227.109.243,19
2024-11-07 00:00:00+00:00,85.60.135.128,18
2024-11-07 00:00:00+00:00,86.78.255.224,15
2024-11-07 00:00:00+00:00,91.172.54.171,17
2024-11-07 00:00:00+00:00,93.237.175.135,23
2024-11-07 00:00:00+00:00,99.95.247.104,22
2024-11-08 00:00:00+00:00,1.173.165.140,2
2024-11-08 00:00:00+00:00,100.1.31.25,4
2024-11-08 00:00:00+00:00,100.150.195.234,2
2024-11-08 00:00:00+00:00,100.186.116.194,5
2024-11-08 00:00:00+00:00,105.122.53.152,5
2024-11-08 00:00:00+00:00,106.137.170.57,8
2024-11-08 00:00:00+00:00,108.174.79.233,6
2024-11-08 00:00:00+00:00,110.90.44.78,4
2024-11-08 00:00:00+00:00,112.151.189.28,8
2024-11-08 00:00:00+00:00,114.214.151.18,2
2024-11-08 00:00:00+00:00,114.230.100.83,3
2024-11-08 00:00:00+00:00,115.240.116.79,3
2024-11-08 00:00:00+00:00,117.17.34.169,2
2024-11-08 00:00:00+00:00,122.107.181.68,1
2024-11-08 00:00:00+00:00,122.26.151.191,5
2024-11-08 00:00:00+00:00,125.10.81.15,1
2024-11-08 00:00:00+00:00,128.26.103.103,2
2024-11-08 00:00:00+00:00,13.110.207.147,2
2024-11-08 00:00:00+00:00,130.206.68.168,3
2024-11-08 00:00:00+00:00,131.172.12.183,5
2024-11-08 00:00:00+00:00,133.250.172.229,5
2024-11-08 00:00:00+00:00,134.131.46.83,1
2024-11-08 00:00:00+00:00,138.157.131.167,4
2024-11-08 00:00:00+00:00,139.207.177.220,5
2024-11-08 00:00:00+00:00,144.157.63.229,2
2024-11-08 00:00:00+00:00,144.179.46.97,5
2024-11-08 00:00:00+00:00,144.67.250.2,4
2024-11-08 00:00:00+00:00,149.160.207.168,6
2024-11-08 00:00:00+00:00,150.250.194.119,2
2024-11-08 00:00:00+00:00,151.69.153.65,6
2024-11-08 00:00:00+00:00,154.161.241.17,6
2024-11-08 00:00:00+00:00,155.73.28.145,5
2024-11-08 00:00:00+00:00,159.197.211.102,2
2024-11-08 00:00:00+00:00,16.181.167.38,8
2024-11-08 00:00:00+00:00,160.156.80.176,1
2024-11-08 00:00:00+00:00,164.156.217.243,4
2024-11-08 00:00:00+00:00,165.110.0.111,4
2024-11-08 00:00:00+00:00,168.11.8.140,3
2024-11-08 00:00:00+00:00,17.48.176.16,4
2024-11-08 00:00:00+00:00,178.37.142.129,6
2024-11-08 00:00:00+00:00,179.0.25.55,4
2024-11-08 00:00:00+00:00,181.19.108.254,8
2024-11-08 00:00:00+00:00,182.161.113.155,1
2024-11-08 00:00:00+00:00,189.170.90.164,2
2024-11-08 00:00:00+00:00,190.199.228.57,4
2024-11-08 00:00:00+00:00,192.184.200.159,4
2024-11-08 00:00:00+00:00,194.131.189.29,5
2024-11-08 00:00:00+00:00,196.38.82.103,4
2024-11-08 00:00:00+00:00,197.61.122.47,5
2024-11-08 00:00:00+00:00,204.92.87.77,6
2024-11-08 00:00:00+00:00,206.123.128.218,3
2024-11-08 00:00:00+00:00,208.250.179.128,4
2024-11-08 00:00:00+00:00,21.103.178.59,4
2024-11-08 00:00:00+00:00,21.247.219.240,3
2024-11-08 00:00:00+00:00,212.213.250.205,4
2024-11-08 00:00:00+00:00,214.213.192.41,7
2024-11-08 00:00:00+00:00,216.148.102.220,3
2024-11-08 00:00:00+00:00,217.236.192.70,2
2024-11-08 00:00:00+00:00,23.116.128.250,2
2024-11-08 00:00:00+00:00,23.22.179.107,4
2024-11-08 00:00:00+00:00,27.144.69.35,7
2024-11-08 00:00:00+00:00,27.222.103.181,3
2024-11-08 00:00:00+00:00,28.75.216.222,7
2024-11-08 00:00:00+00:00,36.58.246.11,8
2024-11-08 00:00:00+00:00,37.224.103.189,3
2024-11-08 00:00:00+00:00,39.192.188.183,4
2024-11-08 00:00:00+00:00,47.17.59.254,2
2024-11-08 00:00:00+00:00,49.165.19.240,3
2024-11-08 00:00:00+00:00,5.166.109.84,4
2024-11-08 00:00:00+00:00,52.42.210.66,3
2024-11-08 00:00:00+00:00,53.175.62.204,5
2024-11-08 00:00:00+00:00,53.44.200.35,5
2024-11-08 00:00:00+00:00,53.66.224.72,5
2024-11-08 00:00:00+00:00,56.212.136.112,4
2024-11-08 00:00:00+00:00,59.125.249.206,5
2024-11-08 00:00:00+00:00,65.16.41.36,4
2024-11-08 00:00:00+00:00,65.252.169.183,3
2024-11-08 00:00:00+00:00,69.145.102.46,1
2024-11-08 00:00:00+00:00,69.196.27.123,5
2024-11-08 00:00:00+00:00,7.50.12.195,8
2024-11-08 00:00:00+00:00,70.200.120.54,4
2024-11-08 00:00:00+00:00,71.24.33.107,2
2024-11-08 00:00:00+00:00,74.40.225.18,2
2024-11-08 00:00:00+00:00,75.38.241.203,3
2024-11-08 00:00:00+00:00,75.44.162.190,8
2024-11-08 00:00:00+00:00,76.105.155.2,2
2024-11-08 00:00:00+00:00,79.155.137.109,6
2024-11-08 00:00:00+00:00,8.83.29.214,6
2024-11-08 00:00:00+00:00,83.157.146.191,3
2024-11-08 00:00:00+00:00,83.84.51.181,2
2024-11-08 00:00:00+00:00,85.79.72.38,4
2024-11-08 00:00:00+00:00,86.239.236.17,6
2024-11-08 00:00:00+00:00,89.120.154.148,6
2024-11-08 00:00:00+00:00,90.199.196.118,5
2024-11-08 00:00:00+00:00,93.235.178.174,1
2024-11-08 00:00:00+00:00,96.151.251.251,1
2024-11-08 00:00:00+00:00,98.35.253.220,6
2024-11-09 00:00:00+00:00,1.166.246.64,13
2024-11-09 00:00:00+00:00,101.80.181.89,32
2024-11-09 00:00:00+00:00,103.200.205.86,30
2024-11-09 00:00:00+00:00,107.52.118.132,26
2024-11-09 00:00:00+00:00,110.64.242.8,29
2024-11-09 00:00:00+00:00,112.87.40.227,43
2024-11-09 00:00:00+00:00,114.251.113.119,35
2024-11-09 00:00:00+00:00,119.179.248.94,24
2024-11-09 00:00:00+00:00,120.90.123.9,19
2024-11-09 00:00:00+00:00,125.144.109.4,30
2024-11-09 00:00:00+00:00,128.159.46.124,22
2024-11-09 00:00:00+00:00,13.65.149.181,25
2024-11-09 00:00:00+00:00,13.92.91.127,19
2024-11-09 00:00:00+00:00,133.54.74.178,28
2024-11-09 00:00:00+00:00,138.172.162.233,27
2024-11-09 00:00:00+00:00,141.222.50.8,22
2024-11-09 00:00:00+00:00,144.221.190.252,22
2024-11-09 00:00:00+00:00,15.47.246.8,26
2024-11-09 00:00:00+00:00,150.210.143.51,27
2024-11-09 00:00:00+00:00,150.237.220.17,30
2024-11-09 00:00:00+00:00,152.35.232.121,28
2024-11-09 00:00:00+00:00,155.96.59.45,27
2024-11-09 00:00:00+00:00,168.178.173.35,27
2024-11-09 00:00:00+00:00,170.186.198.42,35
2024-11-09 00:00:00+00:00,171.244.38.238,19
2024-11-09 00:00:00+00:00,172.227.37.207,35
2024-11-09 00:00:00+00:00,178.253.162.15,30
2024-11-09 00:00:00+00:00,179.72.110.114,25
2024-11-09 00:00:00+00:00,18.226.27.130,24
2024-11-09 00:00:00+00:00,180.225.208.200,30
2024-11-09 00:00:00+00:00,182.179.243.95,33
2024-11-09 00:00:00+00:00,19.194.107.0,30
2024-11-09 00:00:00+00:00,198.86.136.72,24
2024-11-09 00:00:00+00:00,20.110.54.154,41
2024-11-09 00:00:00+00:00,20.87.112.169,45
2024-11-09 00:00:00+00:00,203.45.167.254,37
2024-11-09 00:00:00+00:00,209.20.214.191,31
2024-11-09 00:00:00+00:00,23.241.29.217,20
2024-11-09 00:00:00+00:00,24.113.79.242,42
2024-11-09 00:00:00+00:00,26.250.152.35,25
2024-11-09 00:00:00+00:00,3.125.84.140,36
2024-11-09 00:00:00+00:00,31.59.60.218,26
2024-11-09 00:00:00+00:00,44.182.112.229,25
2024-11-09 00:00:00+00:00,44.193.93.78,25
2024-11-09 00:00:00+00:00,46.194.124.61,24
2024-11-09 00:00:00+00:00,46.27.56.251,24
2024-11-09 00:00:00+00:00,48.196.67.178,22
2024-11-09 00:00:00+00:00,52.95.153.233,29
2024-11-09 00:00:00+00:00,54.48.217.144,31
2024-11-09 00:00:00+00:00,56.163.116.221,31
2024-11-09 00:00:00+00:00,57.231.214.23,29
2024-11-09 00:00:00+00:00,59.15.16.128,27
2024-11-09 00:00:00+00:00,59.81.27.130,22
2024-11-09 00:00:00+00:00,61.199.239.161,27
2024-11-09 00:00:00+00:00,61.237.167.19,21
2024-11-09 00:00:00+00:00,62.57.139.158,26
2024-11-09 00:00:00+00:00,67.245.210.95,24
2024-11-09 00:00:00+00:00,74.218.65.234,25
2024-11-09 00:00:00+00:00,81.138.188.89,25
2024-11-09 00:00:00+00:00,82.19.89.123,27
2024-11-09 00:00:00+00:00,85.227.182.24,37
2024-11-09 00:00:00+00:00,90.11.85.183,22
2024-11-09 00:00:00+00:00,92.237.181.1,27
2024-11-09 00:00:00+00:00,94.182.163.135,23
2024-11-09 00:00:00+00:00,96.21.207.43,39
2024-11-09 00:00:00+00:00,96.29.172.252,20
2024-11-10 00:00:00+00:00,1.4.184.114,6
2024-11-10 00:00:00+00:00,100.173.62.23,7
2024-11-10 00:00:00+00:00,102.181.155.202,5
2024-11-10 00:00:00+00:00,103.255.30.197,8
2024-11-10 00:00:00+00:00,108.29.84.148,7
2024-11-10 00:00:00+00:00,110.237.78.136,4
2024-11-10 00:00:00+00:00,113.220.149.15,9
2024-11-10 00:00:00+00:00,113.247.109.205,11
2024-11-10 00:00:00+00:00,120.60.42.69,11
2024-11-10 00:00:00+00:00,121.106.240.50,9
2024-11-10 00:00:00+00:00,122.0.94.144,9
2024-11-10 00:00:00+00:00,123.128.145.158,11
2024-11-10 00:00:00+00:00,126.140.13.146,7
2024-11-10 00:00:00+00:00,126.59.32.182,7
2024-11-10 00:00:00+00:00,142.31.88.141,12
2024-11-10 00:00:00+00:00,146.86.15.246,11
2024-11-10 00:00:00+00:00,15.159.53.125,13
2024-11-10 00:00:00+00:00,154.108.11.69,14
2024-11-10 00:00:00+00:00,155.164.123.114,11
2024-11-10 00:00:00+00:00,157.57.138.210,15
2024-11-10 00:00:00+00:00,158.72.222.37,10
2024-11-10 00:00:00+00:00,166.207.154.138,10
2024-11-10 00:00:00+00:00,169.12.24.174,8
2024-11-10 00:00:00+00:00,17.56.128.164,5
2024-11-10 00:00:00+00:00,170.56.248.132,13
2024-11-10 00:00:00+00:00,172.77.168.193,8
2024-11-10 00:00:00+00:00,173.13.180.176,12
2024-11-10 00:00:00+00:00,173.212.73.84,7
2024-11-10 00:00:00+00:00,173.81.13.31,6
2024-11-10 00:00:00+00:00,174.62.167.59,6
2024-11-10 00:00:00+00:00,179.110.235.66,14
2024-11-10 00:00:00+00:00,180.101.84.157,14
2024-11-10 00:00:00+00:00,183.1.103.163,7
2024-11-10 00:00:00+00:00,19.83.134.169,12
2024-11-10 00:00:00+00:00,199.182.44.7,8
2024-11-10 00:00:00+00:00,199.54.236.51,9
2024-11-10 00:00:00+00:00,20.26.33.162,10
2024-11-10 00:00:00+00:00,20.78.134.157,10
2024-11-10 00:00:00+00:00,200.84.13.81,9
2024-11-10 00:00:00+00:00,202.188.135.93,16
2024-11-10 00:00:00+00:00,203.109.110.234,9
2024-11-10 00:00:00+00:00,204.156.145.161,8
2024-11-10 00:00:00+00:00,21.199.123.92,10
2024-11-10 00:00:00+00:00,212.57.197.61,6
2024-11-10 00:00:00+00:00,215.248.192.253,10
2024-11-10 00:00:00+00:00,216.88.237.207,13
2024-11-10 00:00:00+00:00,221.95.177.2,10
2024-11-10 00:00:00+00:00,25.106.246.187,5
2024-11-10 00:00:00+00:00,29.13.5.245,19
2024-11-10 00:00:00+00:00,30.236.77.125,10
2024-11-10 00:00:00+00:00,32.225.88.116,6
2024-11-10 00:00:00+00:00,32.27.251.14,10
2024-11-10 00:00:00+00:00,39.149.87.230,12
2024-11-10 00:00:00+00:00,4.18.125.43,5
2024-11-10 00:00:00+00:00,4.208.128.151,11
2024-11-10 00:00:00+00:00,42.85.60.72,6
2024-11-10 00:00:00+00:00,46.243.47.64,13
2024-11-10 00:00:00+00:00,50.59.213.108,9
2024-11-10 00:00:00+00:00,51.226.105.250,10
2024-11-10 00:00:00+00:00,52.160.157.130,6
2024-11-10 00:00:00+00:00,55.76.5.249,17
2024-11-10 00:00:00+00:00,56.173.247.133,11
2024-11-10 00:00:00+00:00,60.242.47.72,10
2024-11-10 00:00:00+00:00,64.206.10.176,7
2024-11-10 00:00:00+00:00,69.116.148.166,10
2024-11-10 00:00:00+00:00,69.87.109.190,13
2024-11-10 00:00:00+00:00,70.63.74.114,3
2024-11-10 00:00:00+00:00,77.197.112.207,10
2024-11-10 00:00:00+00:00,78.43.108.120,12
2024-11-10 00:00:00+00:00,78.88.236.134,8
2024-11-10 00:00:00+00:00,79.235.245.185,16
2024-11-10 00:00:00+00:00,81.35.67.22,12
2024-11-10 00:00:00+00:00,82.22.105.169,8
2024-11-10 00:00:00+00:00,87.70.149.179,13
2024-11-10 00:00:00+00:00,88.24.175.194,12
2024-11-10 00:00:00+00:00,89.255.121.50,13
2024-11-10 00:00:00+00:00,9.186.83.141,5
2024-11-10 00:00:00+00:00,9.240.117.40,7
2024-11-10 00:00:00+00:00,97.91.87.207,9
2024-11-10 00:00:00+00:00,99.50.149.189,13
2024-11-11 00:00:00+00:00,100.152.16.17,11
2024-11-11 00:00:00+00:00,102.241.7.39,8
2024-11-11 00:00:00+00:00,103.220.222.186,8
2024-11-11 00:00:00+00:00,108.2.142.83,15
2024-11-11 00:00:00+00:00,109.23.159.125,15
2024-11-11 00:00:00+00:00,117.144.217.233,16
2024-11-11 00:00:00+00:00,118.92.184.101,14
2024-11-11 00:00:00+00:00,119.19.227.134,18
2024-11-11 00:00:00+00:00,123.11.105.25,17
2024-11-11 00:00:00+00:00,123.226.250.249,14
2024-11-11 00:00:00+00:00,128.207.245.78,18
2024-11-11 00:00:00+00:00,129.53.139.72,20
2024-11-11 00:00:00+00:00,129.88.94.120,24
2024-11-11 00:00:00+00:00,13.104.108.184,9
2024-11-11 00:00:00+00:00,131.23.52.130,14
2024-11-11 00:00:00+00:00,135.5.70.186,16
2024-11-11 00:00:00+00:00,138.2.248.138,22
2024-11-11 00:00:00+00:00,138.206.227.136,21
2024-11-11 00:00:00+00:00,14.183.37.151,15
2024-11-11 00:00:00+00:00,140.89.93.125,17
2024-11-11 00:00:00+00:00,142.166.124.210,18
2024-11-11 00:00:00+00:00,146.215.254.12,15
2024-11-11 00:00:00+00:00,146.45.68.166,17
2024-11-11 00:00:00+00:00,149.190.145.243,16
2024-11-11 00:00:00+00:00,15.234.71.234,20
2024-11-11 00:00:00+00:00,150.191.245.98,18
2024-11-11 00:00:00+00:00,150.198.246.255,14
2024-11-11 00:00:00+00:00,150.242.127.89,11
2024-11-11 00:00:00+00:00,150.8.178.226,18
2024-11-11 00:00:00+00:00,154.236.253.255,13
2024-11-11 00:00:00+00:00,158.173.220.97,11
2024-11-11 00:00:00+00:00,16.201.140.198,16
2024-11-11 00:00:00+00:00,161.140.213.45,17
2024-11-11 00:00:00+00:00,165.243.236.221,18
2024-11-11 00:00:00+00:00,166.221.12.2,26
2024-11-11 00:00:00+00:00,169.129.97.58,13
2024-11-11 00:00:00+00:00,171.172.194.183,18
2024-11-11 00:00:00+00:00,173.179.171.42,13
2024-11-11 00:00:00+00:00,180.126.46.232,20
2024-11-11 00:00:00+00:00,183.30.52.106,21
2024-11-11 00:00:00+00:00,184.14.237.50,11
2024-11-11 00:00:00+00:00,188.201.150.37,15
2024-11-11 00:00:00+00:00,189.125.216.180,9
2024-11-11 00:00:00+00:00,189.17.97.229,9
2024-11-11 00:00:00+00:00,19.2.102.21,18
2024-11-11 00:00:00+00:00,190.36.135.33,18
2024-11-11 00:00:00+00:00,191.87.234.1,15
2024-11-11 00:00:00+00:00,198.70.197.32,19
2024-11-11 00:00:00+00:00,199.189.85.42,17
2024-11-11 00:00:00+00:00,20.192.140.23,13
2024-11-11 00:00:00+00:00,207.248.191.190,17
2024-11-11 00:00:00+00:00,208.157.154.167,15
2024-11-11 00:00:00+00:00,209.110.250.114,13
2024-11-11 00:00:00+00:00,212.155.172.222,23
2024-11-11 00:00:00+00:00,214.102.130.70,11
2024-11-11 00:00:00+00:00,214.131.6.86,15
2024-11-11 00:00:00+00:00,218.44.205.220,19
2024-11-11 00:00:00+00:00,221.6.126.57,19
2024-11-11 00:00:00+00:00,223.157.156.153,19
2024-11-11 00:00:00+00:00,24.165.104.28,12
2024-11-11 00:00:00+00:00,27.91.95.97,23
2024-11-11 00:00:00+00:00,3.226.95.8,10
2024-11-11 00:00:00+00:00,31.92.199.240,14
2024-11-11 00:00:00+00:00,33.112.70.203,21
2024-11-11 00:00:00+00:00,33.231.243.209,22
2024-11-11 00:00:00+00:00,35.101.112.9,18
2024-11-11 00:00:00+00:00,35.138.236.64,18
2024-11-11 00:00:00+00:00,36.185.138.36,9
2024-11-11 00:00:00+00:00,36.252.250.127,19
2024-11-11 00:00:00+00:00,37.160.82.194,14
2024-11-11 00:00:00+00:00,4.235.178.52,20
2024-11-11 00:00:00+00:00,42.243.226.250,15
2024-11-11 00:00:00+00:00,44.160.3.250,20
2024-11-11 00:00:00+00:00,44.208.207.161,13
2024-11-11 00:00:00+00:00,45.191.236.206,21
2024-11-11 00:00:00+00:00,49.139.89.188,13
2024-11-11 00:00:00+00:00,49.218.1.139,16
2024-11-11 00:00:00+00:00,50.186.133.172,13
2024-11-11 00:00:00+00:00,58.7.37.139,23
2024-11-11 00:00:00+00:00,59.73.115.102,15
2024-11-11 00:00:00+00:00,61.1.196.22,18
2024-11-11 00:00:00+00:00,65.251.192.162,18
2024-11-11 00:00:00+00:00,65.53.41.150,21
2024-11-11 00:00:00+00:00,66.100.204.191,16
2024-11-11 00:00:00+00:00,75.229.144.219,15
2024-11-11 00:00:00+00:00,75.78.185.157,22
2024-11-11 00:00:00+00:00,76.175.21.194,18
2024-11-11 00:00:00+00:00,76.18.165.0,17
2024-11-11 00:00:00+00:00,77.38.102.187,14
2024-11-11 00:00:00+00:00,78.145.99.192,30
2024-11-11 00:00:00+00:00,81.176.65.198,15
2024-11-11 00:00:00+00:00,81.18.225.69,18
2024-11-11 00:00:00+00:00,85.221.18.102,26
2024-11-11 00:00:00+00:00,89.227.149.156,16
2024-11-11 00:00:00+00:00,90.231.96.234,16
2024-11-11 00:00:00+00:00,92.142.80.51,20
2024-11-11 00:00:00+00:00,94.95.126.113,24
2024-11-11 00:00:00+00:00,95.197.113.85,18
2024-11-12 00:00:00+00:00,101.66.47.72,18
2024-11-12 00:00:00+00:00,102.47.156.207,10
2024-11-12 00:00:00+00:00,102.89.180.86,10
2024-11-12 00:00:00+00:00,103.64.209.21,8
2024-11-12 00:00:00+00:00,105.117.73.87,11
2024-11-12 00:00:00+00:00,105.84.142.164,10
2024-11-12 00:00:00+00:00,109.187.227.160,5
2024-11-12 00:00:00+00:00,110.199.172.189,9
2024-11-12 00:00:00+00:00,112.98.65.213,6
2024-11-12 00:00:00+00:00,115.226.131.173,9
2024-11-12 00:00:00+00:00,124.139.227.67,9
2024-11-12 00:00:00+00:00,125.180.51.71,14
2024-11-12 00:00:00+00:00,128.251.26.125,11
2024-11-12 00:00:00+00:00,13.215.2.209,5
2024-11-12 00:00:00+00:00,130.86.65.213,13
2024-11-12 00:00:00+00:00,137.221.37.57,7
2024-11-12 00:00:00+00:00,138.78.76.230,10
2024-11-12 00:00:00+00:00,14.242.78.209,8
2024-11-12 00:00:00+00:00,141.170.42.69,9
2024-11-12 00:00:00+00:00,141.82.31.145,15
2024-11-12 00:00:00+00:00,144.71.200.114,12
2024-11-12 00:00:00+00:00,155.98.37.46,16
2024-11-12 00:00:00+00:00,157.75.145.235,10
2024-11-12 00:00:00+00:00,161.113.146.103,13
2024-11-12 00:00:00+00:00,163.232.202.124,9
2024-11-12 00:00:00+00:00,164.157.104.102,16
2024-11-12 00:00:00+00:00,168.152.104.182,11
2024-11-12 00:00:00+00:00,169.48.254.85,13
2024-11-12 00:00:00+00:00,17.44.106.184,9
2024-11-12 00:00:00+00:00,171.17.217.224,8
2024-11-12 00:00:00+00:00,176.211.160.240,10
2024-11-12 00:00:00+00:00,186.187.60.174,9
2024-11-12 00:00:00+00:00,186.69.249.119,10
2024-11-12 00:00:00+00:00,189.169.138.173,14
2024-11-12 00:00:00+00:00,194.59.179.110,9
2024-11-12 00:00:00+00:00,198.170.205.15,10
2024-11-12 00:00:00+00:00,2.54.105.82,8
2024-11-12 00:00:00+00:00,20.124.72.231,17
2024-11-12 00:00:00+00:00,200.10.123.232,12
2024-11-12 00:00:00+00:00,200.19.154.64,11
2024-11-12 00:00:00+00:00,208.29.26.144,8
2024-11-12 00:00:00+00:00,209.201.243.245,5
2024-11-12 00:00:00+00:00,210.122.71.188,6
2024-11-12 00:00:00+00:00,214.36.162.150,8
2024-11-12 00:00:00+00:00,217.155.109.97,9
2024-11-12 00:00:00+00:00,219.232.236.35,9
2024-11-12 00:00:00+00:00,22.184.144.70,7
2024-11-12 00:00:00+00:00,220.46.119.241,11
2024-11-12 00:00:00+00:00,25.13.54.169,11
2024-11-12 00:00:00+00:00,25.243.96.146,9
2024-11-12 00:00:00+00:00,26.209.234.146,8
2024-11-12 00:00:00+00:00,3.75.109.40,9
2024-11-12 00:00:00+00:00,30.97.231.203,11
2024-11-12 00:00:00+00:00,33.242.123.207,10
2024-11-12 00:00:00+00:00,34.69.65.101,11
2024-11-12 00:00:00+00:00,35.197.62.18,13
2024-11-12 00:00:00+00:00,4.174.47.19,6
2024-11-12 00:00:00+00:00,42.131.140.220,13
2024-11-12 00:00:00+00:00,42.60.108.55,10
2024-11-12 00:00:00+00:00,45.116.0.171,16
2024-11-12 00:00:00+00:00,48.77.190.212,8
2024-11-12 00:00:00+00:00,50.1.193.196,13
2024-11-12 00:00:00+00:00,50.135.252.17,8
2024-11-12 00:00:00+00:00,50.191.46.50,13
2024-11-12 00:00:00+00:00,52.182.226.210,10
2024-11-12 00:00:00+00:00,58.186.93.177,11
2024-11-12 00:00:00+00:00,63.146.40.31,15
2024-11-12 00:00:00+00:00,65.26.38.127,10
2024-11-12 00:00:00+00:00,68.74.137.74,5
2024-11-12 00:00:00+00:00,68.92.3.166,7
2024-11-12 00:00:00+00:00,7.250.69.166,15
2024-11-12 00:00:00+00:00,72.129.237.148,7
2024-11-12 00:00:00+00:00,75.3.117.6,7
2024-11-12 00:00:00+00:00,86.6.248.224,6
2024-11-12 00:00:00+00:00,89.231.221.42,9
2024-11-12 00:00:00+00:00,9.144.126.133,5
2024-11-12 00:00:00+00:00,96.236.73.99,8
2024-11-13 00:00:00+00:00,106.29.153.195,22
2024-11-13 00:00:00+00:00,108.154.48.104,12
2024-11-13 00:00:00+00:00,109.202.135.191,18
2024-11-13 00:00:00+00:00,112.100.179.45,20
2024-11-13 00:00:00+00:00,113.33.28.12,24
2024-11-13 00:00:00+00:00,115.108.56.208,20
2024-11-13 00:00:00+00:00,12.124.24.103,18
2024-11-13 00:00:00+00:00,123.58.100.133,23
2024-11-13 00:00:00+00:00,126.107.245.33,23
2024-11-13 00:00:00+00:00,126.239.97.80,18
2024-11-13 00:00:00+00:00,133.120.130.210,23
2024-11-13 00:00:00+00:00,138.146.173.28,20
2024-11-13 00:00:00+00:00,140.154.1.48,17
2024-11-13 00:00:00+00:00,140.71.40.176,26
2024-11-13 00:00:00+00:00,141.183.62.235,21
2024-11-13 00:00:00+00:00,143.4.188.130,24
2024-11-13 00:00:00+00:00,148.210.1.213,12
2024-11-13 00:00:00+00:00,149.78.30.21,28
2024-11-13 00:00:00+00:00,160.31.227.143,26
2024-11-13 00:00:00+00:00,160.65.252.193,19
2024-11-13 00:00:00+00:00,163.110.74.134,28
2024-11-13 00:00:00+00:00,163.213.158.19,24
2024-11-13 00:00:00+00:00,167.218.55.242,21
2024-11-13 00:00:00+00:00,168.157.174.134,21
2024-11-13 00:00:00+00:00,172.76.172.223,23
2024-11-13 00:00:00+00:00,177.241.104.161,31
2024-11-13 00:00:00+00:00,181.222.231.178,26
2024-11-13 00:00:00+00:00,188.38.250.103,28
2024-11-13 00:00:00+00:00,188.86.202.221,24
2024-11-13 00:00:00+00:00,189.228.87.100,24
2024-11-13 00:00:00+00:00,191.112.173.11,19
2024-11-13 00:00:00+00:00,195.61.11.170,20
2024-11-13 00:00:00+00:00,213.10.57.164,21
2024-11-13 00:00:00+00:00,213.14.212.73,22
2024-11-13 00:00:00+00:00,213.195.166.235,22
2024-11-13 00:00:00+00:00,213.211.140.163,23
2024-11-13 00:00:00+00:00,213.214.27.198,25
2024-11-13 00:00:00+00:00,213.8.229.236,29
2024-11-13 00:00:00+00:00,28.99.213.69,20
2024-11-13 00:00:00+00:00,31.31.126.224,24
2024-11-13 00:00:00+00:00,34.27.88.176,16
2024-11-13 00:00:00+00:00,35.49.2.62,24
2024-11-13 00:00:00+00:00,41.34.224.133,26
2024-11-13 00:00:00+00:00,47.0.17.254,21
2024-11-13 00:00:00+00:00,49.100.194.132,21
2024-11-13 00:00:00+00:00,50.20.180.221,20
2024-11-13 00:00:00+00:00,52.1.251.115,26
2024-11-13 00:00:00+00:00,52.8.19.201,14
2024-11-13 00:00:00+00:00,56.9.24.139,21
2024-11-13 00:00:00+00:00,57.52.144.171,17
2024-11-13 00:00:00+00:00,6.132.39.160,21
2024-11-13 00:00:00+00:00,71.173.30.197,15
2024-11-13 00:00:00+00:00,78.215.163.82,25
2024-11-13 00:00:00+00:00,79.181.161.41,23
2024-11-13 00:00:00+00:00,83.71.20.156,22
2024-11-13 00:00:00+00:00,84.218.182.80,21
2024-11-13 00:00:00+00:00,89.169.180.251,22
2024-11-13 00:00:00+00:00,90.218.226.135,19
2024-11-13 00:00:00+00:00,96.238.44.144,24
2024-11-14 00:00:00+00:00,1.104.0.10,17
2024-11-14 00:00:00+00:00,10.108.123.133,11
2024-11-14 00:00:00+00:00,103.184.97.60,12
2024-11-14 00:00:00+00:00,109.195.84.7,6
2024-11-14 00:00:00+00:00,11.5.193.61,9
2024-11-14 00:00:00+00:00,110.224.169.82,14
2024-11-14 00:00:00+00:00,111.89.73.89,12
2024-11-14 00:00:00+00:00,114.85.10.132,17
2024-11-14 00:00:00+00:00,115.238.22.166,18
2024-11-14 00:00:00+00:00,122.25.191.145,7
2024-11-14 00:00:00+00:00,134.251.231.69,11
2024-11-14 00:00:00+00:00,140.144.134.139,13
2024-11-14 00:00:00+00:00,150.212.227.246,9
2024-11-14 00:00:00+00:00,156.164.107.19,15
2024-11-14 00:00:00+00:00,157.16.198.115,12
2024-11-14 00:00:00+00:00,163.63.21.134,17
2024-11-14 00:00:00+00:00,166.105.242.41,12
2024-11-14 00:00:00+00:00,167.240.115.160,7
2024-11-14 00:00:00+00:00,168.251.112.151,12
2024-11-14 00:00:00+00:00,170.178.101.67,18
2024-11-14 00:00:00+00:00,175.78.67.71,20
2024-11-14 00:00:00+00:00,179.132.199.156,19
2024-11-14 00:00:00+00:00,183.43.48.241,8
2024-11-14 00:00:00+00:00,184.38.190.33,12
2024-11-14 00:00:00+00:00,187.225.86.23,14
2024-11-14 00:00:00+00:00,189.60.77.133,12
2024-11-14 00:00:00+00:00,2.99.160.64,9
2024-11-14 00:00:00+00:00,200.188.167.103,9
2024-11-14 00:00:00+00:00,201.194.14.77,17
2024-11-14 00:00:00+00:00,202.236.107.203,11
2024-11-14 00:00:00+00:00,203.1.143.199,12
2024-11-14 00:00:00+00:00,203.203.120.200,18
2024-11-14 00:00:00+00:00,203.43.179.154,15
2024-11-14 00:00:00+00:00,204.133.167.97,18
2024-11-14 00:00:00+00:00,205.251.91.222,5
2024-11-14 00:00:00+00:00,205.8.228.149,10
2024-11-14 00:00:00+00:00,215.92.140.170,9
2024-11-14 00:00:00+00:00,216.10.96.130,11
2024-11-14 00:00:00+00:00,218.106.91.213,9
2024-11-14 00:00:00+00:00,218.241.117.191,8
2024-11-14 00:00:00+00:00,25.18.247.186,12
2024-11-14 00:00:00+00:00,28.87.75.26,18
2024-11-14 00:00:00+00:00,32.51.48.66,11
2024-11-14 00:00:00+00:00,39.116.43.68,6
2024-11-14 00:00:00+00:00,4.140.79.72,8
2024-11-14 00:00:00+00:00,40.114.151.74,11
2024-11-14 00:00:00+00:00,45.226.152.101,9
2024-11-14 00:00:00+00:00,53.136.92.4,12
2024-11-14 00:00:00+00:00,53.239.64.5,11
2024-11-14 00:00:00+00:00,55.66.233.49,9
2024-11-14 00:00:00+00:00,56.172.153.144,16
2024-11-14 00:00:00+00:00,61.74.231.254,15
2024-11-14 00:00:00+00:00,62.73.248.23,13
2024-11-14 00:00:00+00:00,71.211.231.206,7
2024-11-14 00:00:00+00:00,73.149.7.195,13
2024-11-14 00:00:00+00:00,73.223.194.232,12
2024-11-14 00:00:00+00:00,81.199.150.49,11
2024-11-14 00:00:00+00:00,82.88.39.161,9
2024-11-14 00:00:00+00:00,83.152.177.118,11
2024-11-14 00:00:00+00:00,87.13.122.173,6
2024-11-14 00:00:00+00:00,89.193.38.207,11
2024-11-14 00:00:00+00:00,89.6.17.124,16
2024-11-14 00:00:00+00:00,9.149.111.100,5
2024-11-14 00:00:00+00:00,94.44.23.63,12
2024-11-14 00:00:00+00:00,95.158.59.91,10
2024-11-14 00:00:00+00:00,95.208.124.169,12
2024-11-15 00:00:00+00:00,101.46.237.201,2
2024-11-15 00:00:00+00:00,102.100.89.232,5
2024-11-15 00:00:00+00:00,103.212.159.42,1
2024-11-15 00:00:00+00:00,105.200.190.202,5
2024-11-15 00:00:00+00:00,106.121.22.72,3
2024-11-15 00:00:00+00:00,107.127.68.86,7
2024-11-15 00:00:00+00:00,11.60.232.240,5
2024-11-15 00:00:00+00:00,114.1.149.175,2
2024-11-15 00:00:00+00:00,115.117.8.221,1
2024-11-15 00:00:00+00:00,118.226.21.133,6
2024-11-15 00:00:00+00:00,119.119.110.23,5
2024-11-15 00:00:00+00:00,124.231.183.100,2
2024-11-15 00:00:00+00:00,125.117.208.149,5
2024-11-15 00:00:00+00:00,126.241.165.7,4
2024-11-15 00:00:00+00:00,13.89.204.60,3
2024-11-15 00:00:00+00:00,134.149.165.160,6
2024-11-15 00:00:00+00:00,134.207.49.55,1
2024-11-15 00:00:00+00:00,143.17.87.150,2
2024-11-15 00:00:00+00:00,164.126.133.139,3
2024-11-15 00:00:00+00:00,169.48.200.219,4
2024-11-15 00:00:00+00:00,169.79.65.44,4
2024-11-15 00:00:00+00:00,170.177.129.247,2
2024-11-15 00:00:00+00:00,171.105.192.142,3
2024-11-15 00:00:00+00:00,176.144.72.100,6
2024-11-15 00:00:00+00:00,179.195.116.130,2
2024-11-15 00:00:00+00:00,18.94.210.206,1
2024-11-15 00:00:00+00:00,182.164.19.248,4
2024-11-15 00:00:00+00:00,182.225.147.161,4
2024-11-15 00:00:00+00:00,186.119.95.222,5
2024-11-15 00:00:00+00:00,187.116.113.153,2
2024-11-15 00:00:00+00:00,194.161.126.199,3
2024-11-15 00:00:00+00:00,199.79.137.11,3
2024-11-15 00:00:00+00:00,203.197.138.20,6
2024-11-15 00:00:00+00:00,204.233.1.64,8
2024-11-15 00:00:00+00:00,213.226.104.8,2
2024-11-15 00:00:00+00:00,213.241.73.35,4
2024-11-15 00:00:00+00:00,23.244.246.184,4
2024-11-15 00:00:00+00:00,23.44.199.7,4
2024-11-15 00:00:00+00:00,31.198.52.27,2
2024-11-15 00:00:00+00:00,40.3.171.45,7
2024-11-15 00:00:00+00:00,41.26.69.196,4
2024-11-15 00:00:00+00:00,45.142.211.161,7
2024-11-15 00:00:00+00:00,49.225.235.166,4
2024-11-15 00:00:00+00:00,5.150.119.122,4
2024-11-15 00:00:00+00:00,53.135.61.93,3
2024-11-15 00:00:00+00:00,55.234.31.91,2
2024-11-15 00:00:00+00:00,58.223.202.158,5
2024-11-15 00:00:00+00:00,59.110.165.130,2
2024-11-15 00:00:00+00:00,59.3.205.41,2
2024-11-15 00:00:00+00:00,62.91.29.73,3
2024-11-15 00:00:00+00:00,70.191.133.115,3
2024-11-15 00:00:00+00:00,72.241.84.105,4
2024-11-15 00:00:00+00:00,81.216.153.234,3
2024-11-15 00:00:00+00:00,84.58.208.61,4
2024-11-15 00:00:00+00:00,86.60.195.196,3
2024-11-15 00:00:00+00:00,89.14.46.199,3
2024-11-15 00:00:00+00:00,96.40.241.49,1
2024-11-16 00:00:00+00:00,1.132.38.83,1
2024-11-16 00:00:00+00:00,100.207.171.250,4
2024-11-16 00:00:00+00:00,108.16.206.219,10
2024-11-16 00:00:00+00:00,11.202.68.161,2
2024-11-16 00:00:00+00:00,111.245.204.59,5
2024-11-16 00:00:00+00:00,117.215.201.159,4
2024-11-16 00:00:00+00:00,12.153.133.241,7
2024-11-16 00:00:00+00:00,124.171.236.248,2
2024-11-16 00:00:00+00:00,129.228.89.35,5
2024-11-16 00:00:00+00:00,130.114.241.173,6
2024-11-16 00:00:00+00:00,130.204.161.139,4
2024-11-16 00:00:00+00:00,132.38.184.17,8
2024-11-16 00:00:00+00:00,134.48.222.17,7
2024-11-16 00:00:00+00:00,135.48.20.213,9
2024-11-16 00:00:00+00:00,137.146.45.81,1
2024-11-16 00:00:00+00:00,137.19.245.214,7
2024-11-16 00:00:00+00:00,138.152.11.23,7
2024-11-16 00:00:00+00:00,147.215.77.238,4
2024-11-16 00:00:00+00:00,151.122.93.167,4
2024-11-16 00:00:00+00:00,151.20.9.219,5
2024-11-16 00:00:00+00:00,152.188.36.126,2
2024-11-16 00:00:00+00:00,160.47.0.106,7
2024-11-16 00:00:00+00:00,161.113.1.104,9
2024-11-16 00:00:00+00:00,162.172.215.80,5
2024-11-16 00:00:00+00:00,164.4.71.29,5
2024-11-16 00:00:00+00:00,165.138.64.159,3
2024-11-16 00:00:00+00:00,167.195.75.235,3
2024-11-16 00:00:00+00:00,167.243.198.4,10
2024-11-16 00:00:00+00:00,17.167.189.18,8
2024-11-16 00:00:00+00:00,17.75.43.1,3
2024-11-16 00:00:00+00:00,170.219.106.34,2
2024-11-16 00:00:00+00:00,174.40.105.238,4
2024-11-16 00:00:00+00:00,179.102.57.4,2
2024-11-16 00:00:00+00:00,181.171.110.165,3
2024-11-16 00:00:00+00:00,184.190.222.117,5
2024-11-16 00:00:00+00:00,186.33.37.165,3
2024-11-16 00:00:00+00:00,187.147.254.22,6
2024-11-16 00:00:00+00:00,187.32.168.115,4
2024-11-16 00:00:00+00:00,193.7.143.113,3
2024-11-16 00:00:00+00:00,195.152.142.112,7
2024-11-16 00:00:00+00:00,198.171.26.120,6
2024-11-16 00:00:00+00:00,200.162.40.36,6
2024-11-16 00:00:00+00:00,202.4.83.94,6
2024-11-16 00:00:00+00:00,218.253.235.191,3
2024-11-16 00:00:00+00:00,221.12.100.241,7
2024-11-16 00:00:00+00:00,23.175.135.39,8
2024-11-16 00:00:00+00:00,24.132.205.110,8
2024-11-16 00:00:00+00:00,29.72.57.196,2
2024-11-16 00:00:00+00:00,32.101.71.52,4
2024-11-16 00:00:00+00:00,34.29.49.238,6
2024-11-16 00:00:00+00:00,39.1.221.161,6
2024-11-16 00:00:00+00:00,50.157.134.10,5
2024-11-16 00:00:00+00:00,53.16.90.148,5
2024-11-16 00:00:00+00:00,54.159.176.18,7
2024-11-16 00:00:00+00:00,57.109.185.159,4
2024-11-16 00:00:00+00:00,57.123.213.48,8
2024-11-16 00:00:00+00:00,6.149.34.144,7
2024-11-16 00:00:00+00:00,60.255.190.209,7
2024-11-16 00:00:00+00:00,63.171.186.209,2
2024-11-16 00:00:00+00:00,69.183.199.103,4
2024-11-16 00:00:00+00:00,74.127.231.188,4
2024-11-16 00:00:00+00:00,80.235.169.144,5
2024-11-16 00:00:00+00:00,80.86.116.145,5
2024-11-16 00:00:00+00:00,93.218.127.126,5
2024-11-16 00:00:00+00:00,93.247.14.136,3
2024-11-16 00:00:00+00:00,95.175.43.127,6
2024-11-16 00:00:00+00:00,98.167.122.18,7
2024-11-16 00:00:00+00:00,99.234.5.229,7
2024-11-17 00:00:00+00:00,10.12.196.231,24
2024-11-17 00:00:00+00:00,100.38.65.240,17
2024-11-17 00:00:00+00:00,107.237.137.89,17
2024-11-17 00:00:00+00:00,11.82.103.33,22
2024-11-17 00:00:00+00:00,110.79.151.38,19
2024-11-17 00:00:00+00:00,112.41.0.206,13
2024-11-17 00:00:00+00:00,122.175.2.218,18
2024-11-17 00:00:00+00:00,125.159.124.89,25
2024-11-17 00:00:00+00:00,125.43.137.251,19
2024-11-17 00:00:00+00:00,126.48.70.148,21
2024-11-17 00:00:00+00:00,129.126.152.211,25
2024-11-17 00:00:00+00:00,131.57.53.236,18
2024-11-17 00:00:00+00:00,132.16.141.146,24
2024-11-17 00:00:00+00:00,132.63.59.162,33
2024-11-17 00:00:00+00:00,132.74.225.17,23
2024-11-17 00:00:00+00:00,136.129.165.124,19
2024-11-17 00:00:00+00:00,136.206.189.149,18
2024-11-17 00:00:00+00:00,14.69.242.45,19
2024-11-17 00:00:00+00:00,140.185.124.235,14
2024-11-17 00:00:00+00:00,144.70.56.159,26
2024-11-17 00:00:00+00:00,150.246.2.221,18
2024-11-17 00:00:00+00:00,151.109.234.226,17
2024-11-17 00:00:00+00:00,152.171.189.138,15
2024-11-17 00:00:00+00:00,156.221.119.178,22
2024-11-17 00:00:00+00:00,156.222.121.184,16
2024-11-17 00:00:00+00:00,16.27.5.50,20
2024-11-17 00:00:00+00:00,162.183.7.236,29
2024-11-17 00:00:00+00:00,162.20.32.33,28
2024-11-17 00:00:00+00:00,165.138.86.255,21
2024-11-17 00:00:00+00:00,165.163.185.39,25
2024-11-17 00:00:00+00:00,173.73.53.221,17
2024-11-17 00:00:00+00:00,173.98.207.121,18
2024-11-17 00:00:00+00:00,174.52.86.232,19
2024-11-17 00:00:00+00:00,177.109.231.52,20
2024-11-17 00:00:00+00:00,18.173.109.77,24
2024-11-17 00:00:00+00:00,182.142.137.36,29
2024-11-17 00:00:00+00:00,187.50.124.170,14
2024-11-17 00:00:00+00:00,188.70.82.45,15
2024-11-17 00:00:00+00:00,193.119.141.243,25
2024-11-17 00:00:00+00:00,198.231.184.190,21
2024-11-17 00:00:00+00:00,204.122.104.252,19
2024-11-17 00:00:00+00:00,204.123.64.62,16
2024-11-17 00:00:00+00:00,206.68.6.80,21
2024-11-17 00:00:00+00:00,208.32.111.67,22
2024-11-17 00:00:00+00:00,208.8.138.54,23
2024-11-17 00:00:00+00:00,209.244.57.142,18
2024-11-17 00:00:00+00:00,21.136.26.147,20
2024-11-17 00:00:00+00:00,21.149.97.167,28
2024-11-17 00:00:00+00:00,212.70.161.57,21
2024-11-17 00:00:00+00:00,213.130.225.63,24
2024-11-17 00:00:00+00:00,213.163.4.204,20
2024-11-17 00:00:00+00:00,216.126.183.222,24
2024-11-17 00:00:00+00:00,218.37.251.33,20
2024-11-17 00:00:00+00:00,218.8.97.52,24
2024-11-17 00:00:00+00:00,221.112.160.164,28
2024-11-17 00:00:00+00:00,25.100.123.0,25
2024-11-17 00:00:00+00:00,28.74.132.17,28
2024-11-17 00:00:00+00:00,29.88.49.160,15
2024-11-17 00:00:00+00:00,33.173.48.18,20
2024-11-17 00:00:00+00:00,35.121.252.245,22
2024-11-17 00:00:00+00:00,37.96.62.230,32
2024-11-17 00:00:00+00:00,39.143.218.222,24
2024-11-17 00:00:00+00:00,39.168.130.65,13
2024-11-17 00:00:00+00:00,48.83.14.123,25
2024-11-17 00:00:00+00:00,50.6.69.243,17
2024-11-17 00:00:00+00:00,53.235.88.228,17
2024-11-17 00:00:00+00:00,53.70.96.58,27
2024-11-17 00:00:00+00:00,54.123.117.164,26
2024-11-17 00:00:00+00:00,58.170.216.197,25
2024-11-17 00:00:00+00:00,6.46.190.186,20
2024-11-17 00:00:00+00:00,60.8.74.185,21
2024-11-17 00:00:00+00:00,62.251.172.218,19
2024-11-17 00:00:00+00:00,67.58.9.241,21
2024-11-17 00:00:00+00:00,68.72.189.152,14
2024-11-17 00:00:00+00:00,69.163.241.255,18
2024-11-17 00:00:00+00:00,69.2.37.113,23
2024-11-17 00:00:00+00:00,71.239.31.178,14
2024-11-17 00:00:00+00:00,71.246.32.114,24
2024-11-17 00:00:00+00:00,74.4.5.96,20
2024-11-17 00:00:00+00:00,81.91.89.229,18
2024-11-17 00:00:00+00:00,87.116.196.74,23
2024-11-17 00:00:00+00:00,9.81.16.148,32
2024-11-17 00:00:00+00:00,90.225.142.168,18
2024-11-17 00:00:00+00:00,95.231.167.253,20
2024-11-17 00:00:00+00:00,95.75.196.131,21
2024-11-17 00:00:00+00:00,97.138.36.82,25
2024-11-18 00:00:00+00:00,1.36.134.60,11
2024-11-18 00:00:00+00:00,107.6.156.153,8
2024-11-18 00:00:00+00:00,112.161.202.142,9
2024-11-18 00:00:00+00:00,114.181.74.114,8
2024-11-18 00:00:00+00:00,116.95.185.221,13
2024-11-18 00:00:00+00:00,12.62.181.142,22
2024-11-18 00:00:00+00:00,125.189.207.172,9
2024-11-18 00:00:00+00:00,135.120.4.110,12
2024-11-18 00:00:00+00:00,14.177.193.20,9
2024-11-18 00:00:00+00:00,146.247.106.251,13
2024-11-18 00:00:00+00:00,150.158.71.237,6
2024-11-18 00:00:00+00:00,16.130.49.215,9
2024-11-18 00:00:00+00:00,160.60.223.246,9
2024-11-18 00:00:00+00:00,161.151.88.139,13
2024-11-18 00:00:00+00:00,169.62.56.142,15
2024-11-18 00:00:00+00:00,176.206.150.84,11
2024-11-18 00:00:00+00:00,179.219.111.74,12
2024-11-18 00:00:00+00:00,183.22.249.14,14
2024-11-18 00:00:00+00:00,185.20.193.244,15
2024-11-18 00:00:00+00:00,186.121.90.83,9
2024-11-18 00:00:00+00:00,189.219.51.99,12
2024-11-18 00:00:00+00:00,193.185.251.125,11
2024-11-18 00:00:00+00:00,195.59.164.172,16
2024-11-18 00:00:00+00:00,195.99.129.252,14
2024-11-18 00:00:00+00:00,197.156.121.48,10
2024-11-18 00:00:00+00:00,201.235.88.140,14
2024-11-18 00:00:00+00:00,203.215.250.127,13
2024-11-18 00:00:00+00:00,203.5.240.172,11
2024-11-18 00:00:00+00:00,21.4.87.195,8
2024-11-18 00:00:00+00:00,214.34.47.199,9
2024-11-18 00:00:00+00:00,216.5.30.95,9
2024-11-18 00:00:00+00:00,217.203.168.243,8
2024-11-18 00:00:00+00:00,218.210.121.169,12
2024-11-18 00:00:00+00:00,219.89.76.160,13
2024-11-18 00:00:00+00:00,23.223.159.56,8
2024-11-18 00:00:00+00:00,24.171.153.180,12
2024-11-18 00:00:00+00:00,24.79.85.209,10
2024-11-18 00:00:00+00:00,26.211.95.61,9
2024-11-18 00:00:00+00:00,29.90.248.193,12
2024-11-18 00:00:00+00:00,33.145.154.135,10
2024-11-18 00:00:00+00:00,36.7.149.1,15
2024-11-18 00:00:00+00:00,49.115.28.213,14
2024-11-18 00:00:00+00:00,62.11.74.121,13
2024-11-18 00:00:00+00:00,64.25.100.43,13
2024-11-18 00:00:00+00:00,70.0.157.168,12
2024-11-18 00:00:00+00:00,71.120.86.187,6
2024-11-18 00:00:00+00:00,79.65.55.185,16
2024-11-18 00:00:00+00:00,87.114.55.219,11
2024-11-18 00:00:00+00:00,90.44.72.225,9
2024-11-18 00:00:00+00:00,90.69.228.174,11
2024-11-18 00:00:00+00:00,98.209.180.180,12
2024-11-19 00:00:00+00:00,102.109.204.73,29
2024-11-19 00:00:00+00:00,102.253.205.188,23
2024-11-19 00:00:00+00:00,104.165.53.118,24
2024-11-19 00:00:00+00:00,106.45.226.106,24
2024-11-19 00:00:00+00:00,106.54.227.87,22
2024-11-19 00:00:00+00:00,113.31.250.85,20
2024-11-19 00:00:00+00:00,117.54.124.103,20
2024-11-19 00:00:00+00:00,118.25.236.33,31
2024-11-19 00:00:00+00:00,119.94.180.173,23
2024-11-19 00:00:00+00:00,123.246.141.76,16
2024-11-19 00:00:00+00:00,124.166.241.10,24
2024-11-19 00:00:00+00:00,125.216.74.112,21
2024-11-19 00:00:00+00:00,126.242.19.22,25
2024-11-19 00:00:00+00:00,135.64.120.116,25
2024-11-19 00:00:00+00:00,135.90.218.214,28
2024-11-19 00:00:00+00:00,136.136.52.68,22
2024-11-19 00:00:00+00:00,141.76.24.70,23
2024-11-19 00:00:00+00:00,142.57.76.202,17
2024-11-19 00:00:00+00:00,143.135.23.252,23
2024-11-19 00:00:00+00:00,156.94.149.29,24
2024-11-19 00:00:00+00:00,16.222.110.73,33
2024-11-19 00:00:00+00:00,16.76.197.186,18
2024-11-19 00:00:00+00:00,165.246.248.174,23
2024-11-19 00:00:00+00:00,172.176.169.56,29
2024-11-19 00:00:00+00:00,178.29.80.197,28
2024-11-19 00:00:00+00:00,18.230.204.197,19
2024-11-19 00:00:00+00:00,181.14.158.101,24
2024-11-19 00:00:00+00:00,184.114.231.223,29
2024-11-19 00:00:00+00:00,187.97.68.212,24
2024-11-19 00:00:00+00:00,189.76.149.101,28
2024-11-19 00:00:00+00:00,193.78.8.235,31
2024-11-19 00:00:00+00:00,197.3.224.198,20
2024-11-19 00:00:00+00:00,20.182.160.135,19
2024-11-19 00:00:00+00:00,20.191.249.219,19
2024-11-19 00:00:00+00:00,200.186.196.188,15
2024-11-19 00:00:00+00:00,201.13.83.174,14
2024-11-19 00:00:00+00:00,204.199.68.112,22
2024-11-19 00:00:00+00:00,206.112.247.100,30
2024-11-19 00:00:00+00:00,207.110.3.67,25
2024-11-19 00:00:00+00:00,207.137.215.247,25
2024-11-19 00:00:00+00:00,208.12.13.207,30
2024-11-19 00:00:00+00:00,211.149.56.65,17
2024-11-19 00:00:00+00:00,211.198.52.147,22
2024-11-19 00:00:00+00:00,211.223.239.174,25
2024-11-19 00:00:00+00:00,212.243.19.66,34
2024-11-19 00:00:00+00:00,215.245.31.132,16
2024-11-19 00:00:00+00:00,217.205.15.60,20
2024-11-19 00:00:00+00:00,22.56.154.42,25
2024-11-19 00:00:00+00:00,23.142.8.55,21
2024-11-19 00:00:00+00:00,26.145.114.52,19
2024-11-19 00:00:00+00:00,3.177.246.31,19
2024-11-19 00:00:00+00:00,3.18.198.127,21
2024-11-19 00:00:00+00:00,3.80.192.23,17
2024-11-19 00:00:00+00:00,33.98.8.195,31
2024-11-19 00:00:00+00:00,36.131.253.134,16
2024-11-19 00:00:00+00:00,38.145.185.20,16
2024-11-19 00:00:00+00:00,39.76.148.47,18
2024-11-19 00:00:00+00:00,4.165.52.111,16
2024-11-19 00:00:00+00:00,40.91.13.20,13
2024-11-19 00:00:00+00:00,43.204.248.91,12
2024-11-19 00:00:00+00:00,44.18.37.236,21
2024-11-19 00:00:00+00:00,5.123.243.164,32
2024-11-19 00:00:00+00:00,50.15.135.201,21
2024-11-19 00:00:00+00:00,54.250.149.157,23
2024-11-19 00:00:00+00:00,60.131.238.155,21
2024-11-19 00:00:00+00:00,64.13.205.238,21
2024-11-19 00:00:00+00:00,64.58.126.29,17
2024-11-19 00:00:00+00:00,65.237.226.147,26
2024-11-19 00:00:00+00:00,7.115.13.5,25
2024-11-19 00:00:00+00:00,70.178.96.87,18
2024-11-19 00:00:00+00:00,71.253.220.229,23
2024-11-19 00:00:00+00:00,71.66.179.99,18
2024-11-19 00:00:00+00:00,74.147.159.115,24
2024-11-19 00:00:00+00:00,76.92.171.175,30
2024-11-19 00:00:00+00:00,86.140.191.71,24
2024-11-19 00:00:00+00:00,86.194.136.35,21
2024-11-19 00:00:00+00:00,87.182.192.115,24
2024-11-19 00:00:00+00:00,87.234.192.58,28
2024-11-19 00:00:00+00:00,94.50.217.110,33
2024-11-19 00:00:00+00:00,98.132.26.244,26
2024-11-19 00:00:00+00:00,98.134.141.204,26
2024-11-20 00:00:00+00:00,1.250.174.16,19
2024-11-20 00:00:00+00:00,101.65.12.231,14
2024-11-20 00:00:00+00:00,104.10.2.222,23
2024-11-20 00:00:00+00:00,109.234.127.153,22
2024-11-20 00:00:00+00:00,109.238.175.120,20
2024-11-20 00:00:00+00:00,11.121.99.145,15
2024-11-20 00:00:00+00:00,11.229.103.18,26
2024-11-20 00:00:00+00:00,114.51.170.6,18
2024-11-20 00:00:00+00:00,115.180.199.168,17
2024-11-20 00:00:00+00:00,118.35.4.219,20
2024-11-20 00:00:00+00:00,120.121.34.158,24
2024-11-20 00:00:00+00:00,129.143.100.10,12
2024-11-20 00:00:00+00:00,129.24.255.123,21
2024-11-20 00:00:00+00:00,131.226.228.155,12
2024-11-20 00:00:00+00:00,134.40.233.190,24
2024-11-20 00:00:00+00:00,136.143.210.26,12
2024-11-20 00:00:00+00:00,146.248.56.44,19
2024-11-20 00:00:00+00:00,146.68.18.54,20
2024-11-20 00:00:00+00:00,149.237.210.240,21
2024-11-20 00:00:00+00:00,156.145.175.234,16
2024-11-20 00:00:00+00:00,158.161.226.59,27
2024-11-20 00:00:00+00:00,160.142.54.210,16
2024-11-20 00:00:00+00:00,164.64.96.219,29
2024-11-20 00:00:00+00:00,167.2.145.59,24
2024-11-20 00:00:00+00:00,169.188.182.123,31
2024-11-20 00:00:00+00:00,169.85.201.81,25
2024-11-20 00:00:00+00:00,170.139.60.26,25
2024-11-20 00:00:00+00:00,171.125.142.100,14
2024-11-20 00:00:00+00:00,175.159.16.30,26
2024-11-20 00:00:00+00:00,179.194.104.94,15
2024-11-20 00:00:00+00:00,179.43.68.204,24
2024-11-20 00:00:00+00:00,182.15.101.137,18
2024-11-20 00:00:00+00:00,186.245.172.42,18
2024-11-20 00:00:00+00:00,193.197.199.62,24
2024-11-20 00:00:00+00:00,203.229.28.139,20
2024-11-20 00:00:00+00:00,205.151.181.90,13
2024-11-20 00:00:00+00:00,205.161.178.152,21
2024-11-20 00:00:00+00:00,217.185.250.221,20
2024-11-20 00:00:00+00:00,219.207.197.13,21
2024-11-20 00:00:00+00:00,221.15.233.212,16
2024-11-20 00:00:00+00:00,222.189.80.145,24
2024-11-20 00:00:00+00:00,23.167.12.63,20
2024-11-20 00:00:00+00:00,29.215.154.37,26
2024-11-20 00:00:00+00:00,29.56.196.198,21
2024-11-20 00:00:00+00:00,33.218.114.232,22
2024-11-20 00:00:00+00:00,36.25.173.92,10
2024-11-20 00:00:00+00:00,55.210.168.165,23
2024-11-20 00:00:00+00:00,63.98.97.150,22
2024-11-20 00:00:00+00:00,64.209.183.238,15
2024-11-20 00:00:00+00:00,67.219.168.208,30
2024-11-20 00:00:00+00:00,67.221.111.141,18
2024-11-20 00:00:00+00:00,68.162.248.118,18
2024-11-20 00:00:00+00:00,70.84.136.86,18
2024-11-20 00:00:00+00:00,72.147.2.206,18
2024-11-20 00:00:00+00:00,78.85.16.194,20
2024-11-20 00:00:00+00:00,86.139.117.116,16
2024-11-20 00:00:00+00:00,91.122.91.118,25
2024-11-20 00:00:00+00:00,94.15.131.87,21
2024-11-20 00:00:00+00:00,95.204.206.48,24
2024-11-20 00:00:00+00:00,95.41.24.150,26
2024-11-20 00:00:00+00:00,96.136.217.85,27
2024-11-20 00:00:00+00:00,99.63.152.160,22
2024-11-21 00:00:00+00:00,1.42.40.101,13
2024-11-21 00:00:00+00:00,103.211.118.220,22
2024-11-21 00:00:00+00:00,103.56.51.163,21
2024-11-21 00:00:00+00:00,104.230.130.125,19
2024-11-21 00:00:00+00:00,110.169.226.240,27
2024-11-21 00:00:00+00:00,112.25.4.163,23
2024-11-21 00:00:00+00:00,118.189.55.246,30
2024-11-21 00:00:00+00:00,12.137.171.6,24
2024-11-21 00:00:00+00:00,121.29.57.169,18
2024-11-21 00:00:00+00:00,129.77.83.173,17
2024-11-21 00:00:00+00:00,13.185.131.169,20
2024-11-21 00:00:00+00:00,132.162.95.51,18
2024-11-21 00:00:00+00:00,132.219.209.109,17
2024-11-21 00:00:00+00:00,133.214.239.104,20
2024-11-21 00:00:00+00:00,133.40.25.232,15
2024-11-21 00:00:00+00:00,134.71.131.81,21
2024-11-21 00:00:00+00:00,136.181.150.58,16
2024-11-21 00:00:00+00:00,136.80.114.56,30
2024-11-21 00:00:00+00:00,141.15.33.176,23
2024-11-21 00:00:00+00:00,142.31.207.30,25
2024-11-21 00:00:00+00:00,147.143.70.112,16
2024-11-21 00:00:00+00:00,15.15.10.106,18
2024-11-21 00:00:00+00:00,150.62.138.32,22
2024-11-21 00:00:00+00:00,154.58.105.6,20
2024-11-21 00:00:00+00:00,172.226.160.211,21
2024-11-21 00:00:00+00:00,176.221.201.149,17
2024-11-21 00:00:00+00:00,179.200.246.163,16
2024-11-21 00:00:00+00:00,180.23.187.124,18
2024-11-21 00:00:00+00:00,181.175.227.163,20
2024-11-21 00:00:00+00:00,181.90.57.132,29
2024-11-21 00:00:00+00:00,182.55.51.143,31
2024-11-21 00:00:00+00:00,183.176.245.127,18
2024-11-21 00:00:00+00:00,183.252.199.153,11
2024-11-21 00:00:00+00:00,183.72.153.85,20
2024-11-21 00:00:00+00:00,186.107.0.232,14
2024-11-21 00:00:00+00:00,187.29.114.151,18
2024-11-21 00:00:00+00:00,189.207.137.237,22
2024-11-21 00:00:00+00:00,192.16.5.73,25
2024-11-21 00:00:00+00:00,199.78.50.28,25
2024-11-21 00:00:00+00:00,208.145.24.236,24
2024-11-21 00:00:00+00:00,210.43.42.73,19
2024-11-21 00:00:00+00:00,211.154.15.111,24
2024-11-21 00:00:00+00:00,218.245.108.196,21
2024-11-21 00:00:00+00:00,219.165.11.52,16
2024-11-21 00:00:00+00:00,22.111.185.136,21
2024-11-21 00:00:00+00:00,221.219.203.32,22
2024-11-21 00:00:00+00:00,222.202.149.240,19
2024-11-21 00:00:00+00:00,222.218.62.29,31
2024-11-21 00:00:00+00:00,25.118.251.50,31
2024-11-21 00:00:00+00:00,26.13.106.116,16
2024-11-21 00:00:00+00:00,3.47.247.77,28
2024-11-21 00:00:00+00:00,32.204.209.229,19
2024-11-21 00:00:00+00:00,32.60.156.221,20
2024-11-21 00:00:00+00:00,34.218.225.191,25
2024-11-21 00:00:00+00:00,37.120.50.253,18
2024-11-21 00:00:00+00:00,39.118.54.67,23
2024-11-21 00:00:00+00:00,39.43.120.42,13
2024-11-21 00:00:00+00:00,43.200.106.243,23
2024-11-21 00:00:00+00:00,44.59.88.51,20
2024-11-21 00:00:00+00:00,45.78.5.127,12
2024-11-21 00:00:00+00:00,48.81.162.224,18
2024-11-21 00:00:00+00:00,56.218.193.156,17
2024-11-21 00:00:00+00:00,57.18.133.140,22
2024-11-21 00:00:00+00:00,6.79.179.197,17
2024-11-21 00:00:00+00:00,64.119.115.107,21
2024-11-21 00:00:00+00:00,64.18.191.160,13
2024-11-21 00:00:00+00:00,73.72.98.138,31
2024-11-21 00:00:00+00:00,74.179.82.37,23
2024-11-21 00:00:00+00:00,74.9.201.38,25
2024-11-21 00:00:00+00:00,79.92.28.200,28
2024-11-21 00:00:00+00:00,81.211.141.0,24
2024-11-21 00:00:00+00:00,84.110.206.18,21
2024-11-21 00:00:00+00:00,87.188.134.20,31
2024-11-21 00:00:00+00:00,88.232.239.98,23
2024-11-21 00:00:00+00:00,89.207.170.239,27
2024-11-21 00:00:00+00:00,9.34.217.222,11
2024-11-21 00:00:00+00:00,96.125.244.16,28
2024-11-21 00:00:00+00:00,96.4.124.182,24
2024-11-21 00:00:00+00:00,97.27.85.185,22
2024-11-22 00:00:00+00:00,100.160.181.118,8
2024-11-22 00:00:00+00:00,103.4.196.40,8
2024-11-22 00:00:00+00:00,108.109.13.235,13
2024-11-22 00:00:00+00:00,108.141.68.243,10
2024-11-22 00:00:00+00:00,111.156.96.133,15
2024-11-22 00:00:00+00:00,112.128.211.188,9
2024-11-22 00:00:00+00:00,114.134.52.246,13
2024-11-22 00:00:00+00:00,116.121.95.20,9
2024-11-22 00:00:00+00:00,118.118.190.248,9
2024-11-22 00:00:00+00:00,120.135.66.141,6
2024-11-22 00:00:00+00:00,121.225.232.47,11
2024-11-22 00:00:00+00:00,129.12.130.246,4
2024-11-22 00:00:00+00:00,130.122.150.241,5
2024-11-22 00:00:00+00:00,130.87.121.62,12
2024-11-22 00:00:00+00:00,133.196.181.102,10
2024-11-22 00:00:00+00:00,133.47.225.223,17
2024-11-22 00:00:00+00:00,135.231.136.10,6
2024-11-22 00:00:00+00:00,139.148.13.126,11
2024-11-22 00:00:00+00:00,139.190.235.209,11
2024-11-22 00:00:00+00:00,14.139.198.9,9
2024-11-22 00:00:00+00:00,147.153.171.119,13
2024-11-22 00:00:00+00:00,148.8.49.110,6
2024-11-22 00:00:00+00:00,15.179.187.203,12
2024-11-22 00:00:00+00:00,150.74.120.119,7
2024-11-22 00:00:00+00:00,167.142.240.40,10
2024-11-22 00:00:00+00:00,167.19.8.122,12
2024-11-22 00:00:00+00:00,17.96.77.1,11
2024-11-22 00:00:00+00:00,180.104.202.14,13
2024-11-22 00:00:00+00:00,186.241.125.252,11
2024-11-22 00:00:00+00:00,186.77.142.229,9
2024-11-22 00:00:00+00:00,191.167.138.251,12
2024-11-22 00:00:00+00:00,191.30.35.82,5
2024-11-22 00:00:00+00:00,193.5.26.181,12
2024-11-22 00:00:00+00:00,193.52.7.192,15
2024-11-22 00:00:00+00:00,196.170.117.202,13
2024-11-22 00:00:00+00:00,201.47.203.151,13
2024-11-22 00:00:00+00:00,207.159.9.248,9
2024-11-22 00:00:00+00:00,208.15.193.34,8
2024-11-22 00:00:00+00:00,21.22.15.35,3
2024-11-22 00:00:00+00:00,210.227.125.161,9
2024-11-22 00:00:00+00:00,217.131.110.218,7
2024-11-22 00:00:00+00:00,219.49.47.131,11
2024-11-22 00:00:00+00:00,222.10.96.199,7
2024-11-22 00:00:00+00:00,23.50.31.62,8
2024-11-22 00:00:00+00:00,23.90.69.56,13
2024-11-22 00:00:00+00:00,24.208.224.86,12
2024-11-22 00:00:00+00:00,26.62.35.52,8
2024-11-22 00:00:00+00:00,28.10.100.248,10
2024-11-22 00:00:00+00:00,29.239.240.10,7
2024-11-22 00:00:00+00:00,30.127.27.96,9
2024-11-22 00:00:00+00:00,32.191.115.153,8
2024-11-22 00:00:00+00:00,33.93.87.191,10
2024-11-22 00:00:00+00:00,44.164.110.137,10
2024-11-22 00:00:00+00:00,49.16.115.170,7
2024-11-22 00:00:00+00:00,50.67.9.124,11
2024-11-22 00:00:00+00:00,52.47.173.233,8
2024-11-22 00:00:00+00:00,53.229.137.125,7
2024-11-22 00:00:00+00:00,62.140.152.45,10
2024-11-22 00:00:00+00:00,62.45.85.94,7
2024-11-22 00:00:00+00:00,63.136.1.100,12
2024-11-22 00:00:00+00:00,63.23.22.33,12
2024-11-22 00:00:00+00:00,64.168.233.82,10
2024-11-22 00:00:00+00:00,65.198.24.182,12
2024-11-22 00:00:00+00:00,67.200.241.201,8
2024-11-22 00:00:00+00:00,72.9.255.162,11
2024-11-22 00:00:00+00:00,74.105.143.204,12
2024-11-22 00:00:00+00:00,74.237.52.55,5
2024-11-22 00:00:00+00:00,75.149.181.247,10
2024-11-22 00:00:00+00:00,76.96.79.195,8
2024-11-22 00:00:00+00:00,77.146.98.36,10
2024-11-22 00:00:00+00:00,78.188.244.12,9
2024-11-22 00:00:00+00:00,79.97.35.15,7
2024-11-22 00:00:00+00:00,80.98.170.148,8
2024-11-22 00:00:00+00:00,81.100.135.121,16
2024-11-22 00:00:00+00:00,81.49.116.80,9
2024-11-22 00:00:00+00:00,83.161.111.251,8
2024-11-22 00:00:00+00:00,84.166.127.130,10
2024-11-22 00:00:00+00:00,86.229.106.116,8
2024-11-22 00:00:00+00:00,87.76.163.115,11
2024-11-22 00:00:00+00:00,88.188.219.219,7
2024-11-22 00:00:00+00:00,9.61.174.95,12
2024-11-22 00:00:00+00:00,92.128.125.244,5
2024-11-22 00:00:00+00:00,98.38.44.226,7
2024-11-22 00:00:00+00:00,99.235.221.76,9
2024-11-23 00:00:00+00:00,1.217.58.187,18
2024-11-23 00:00:00+00:00,104.99.129.8,16
2024-11-23 00:00:00+00:00,105.197.117.184,14
2024-11-23 00:00:00+00:00,119.96.69.146,19
2024-11-23 00:00:00+00:00,12.112.68.17,7
2024-11-23 00:00:00+00:00,122.89.188.109,19
2024-11-23 00:00:00+00:00,124.164.212.249,23
2024-11-23 00:00:00+00:00,135.150.34.156,13
2024-11-23 00:00:00+00:00,135.40.160.39,11
2024-11-23 00:00:00+00:00,139.39.55.201,20
2024-11-23 00:00:00+00:00,149.193.25.153,23
2024-11-23 00:00:00+00:00,151.160.26.30,22
2024-11-23 00:00:00+00:00,152.67.175.171,11
2024-11-23 00:00:00+00:00,153.18.28.222,19
2024-11-23 00:00:00+00:00,155.108.200.222,24
2024-11-23 00:00:00+00:00,169.167.64.82,17
2024-11-23 00:00:00+00:00,17.133.55.62,17
2024-11-23 00:00:00+00:00,174.217.73.87,18
2024-11-23 00:00:00+00:00,175.14.108.23,12
2024-11-23 00:00:00+00:00,176.130.96.229,26
2024-11-23 00:00:00+00:00,18.53.223.236,19
2024-11-23 00:00:00+00:00,181.141.162.123,21
2024-11-23 00:00:00+00:00,184.4.239.9,12
2024-11-23 00:00:00+00:00,186.135.117.60,14
2024-11-23 00:00:00+00:00,187.205.106.164,9
2024-11-23 00:00:00+00:00,19.176.8.224,18
2024-11-23 00:00:00+00:00,191.193.1.98,18
2024-11-23 00:00:00+00:00,20.112.198.30,11
2024-11-23 00:00:00+00:00,20.114.73.99,16
2024-11-23 00:00:00+00:00,202.248.23.115,17
2024-11-23 00:00:00+00:00,206.80.53.160,13
2024-11-23 00:00:00+00:00,213.71.27.248,14
2024-11-23 00:00:00+00:00,215.189.64.71,16
2024-11-23 00:00:00+00:00,220.255.0.5,13
2024-11-23 00:00:00+00:00,220.63.172.166,19
2024-11-23 00:00:00+00:00,27.253.192.112,15
2024-11-23 00:00:00+00:00,28.189.125.40,15
2024-11-23 00:00:00+00:00,32.216.4.30,15
2024-11-23 00:00:00+00:00,40.214.193.116,19
2024-11-23 00:00:00+00:00,43.135.202.135,16
2024-11-23 00:00:00+00:00,48.145.149.94,19
2024-11-23 00:00:00+00:00,50.96.99.226,20
2024-11-23 00:00:00+00:00,51.202.238.59,13
2024-11-23 00:00:00+00:00,54.99.238.102,22
2024-11-23 00:00:00+00:00,58.133.225.93,15
2024-11-23 00:00:00+00:00,59.149.214.124,13
2024-11-23 00:00:00+00:00,59.85.255.232,13
2024-11-23 00:00:00+00:00,6.233.59.226,17
2024-11-23 00:00:00+00:00,68.25.172.96,14
2024-11-23 00:00:00+00:00,7.106.206.197,20
2024-11-23 00:00:00+00:00,76.25.254.112,18
2024-11-23 00:00:00+00:00,78.182.38.18,14
2024-11-23 00:00:00+00:00,82.111.223.77,11
2024-11-23 00:00:00+00:00,85.164.10.55,21
2024-11-23 00:00:00+00:00,91.143.203.192,20
2024-11-23 00:00:00+00:00,92.44.216.152,9
2024-11-23 00:00:00+00:00,97.23.135.129,16
2024-11-24 00:00:00+00:00,103.105.156.242,9
2024-11-24 00:00:00+00:00,103.15.158.213,18
2024-11-24 00:00:00+00:00,107.94.211.135,15
2024-11-24 00:00:00+00:00,108.105.19.65,18
2024-11-24 00:00:00+00:00,112.36.156.58,17
2024-11-24 00:00:00+00:00,117.253.0.195,10
2024-11-24 00:00:00+00:00,118.168.171.193,11
2024-11-24 00:00:00+00:00,123.108.14.59,14
2024-11-24 00:00:00+00:00,125.122.28.185,12
2024-11-24 00:00:00+00:00,129.219.225.138,14
2024-11-24 00:00:00+00:00,131.104.15.79,17
2024-11-24 00:00:00+00:00,133.130.218.23,16
2024-11-24 00:00:00+00:00,134.83.173.229,11
2024-11-24 00:00:00+00:00,136.183.216.32,23
2024-11-24 00:00:00+00:00,136.48.20.244,20
2024-11-24 00:00:00+00:00,138.2.70.160,17
2024-11-24 00:00:00+00:00,140.50.76.186,19
2024-11-24 00:00:00+00:00,143.220.31.66,25
2024-11-24 00:00:00+00:00,150.73.99.91,16
2024-11-24 00:00:00+00:00,157.177.17.5,15
2024-11-24 00:00:00+00:00,158.126.146.196,21
2024-11-24 00:00:00+00:00,159.68.226.204,8
2024-11-24 00:00:00+00:00,167.224.150.119,17
2024-11-24 00:00:00+00:00,17.198.237.179,11
2024-11-24 00:00:00+00:00,17.232.204.214,12
2024-11-24 00:00:00+00:00,175.164.143.137,12
2024-11-24 00:00:00+00:00,181.109.115.53,19
2024-11-24 00:00:00+00:00,192.74.26.72,10
2024-11-24 00:00:00+00:00,194.108.7.59,13
2024-11-24 00:00:00+00:00,194.230.217.149,15
2024-11-24 00:00:00+00:00,195.185.152.230,20
2024-11-24 00:00:00+00:00,198.250.220.184,17
2024-11-24 00:00:00+00:00,2.201.226.15,16
2024-11-24 00:00:00+00:00,2.49.173.203,19
2024-11-24 00:00:00+00:00,204.56.42.227,22
2024-11-24 00:00:00+00:00,206.193.44.46,15
2024-11-24 00:00:00+00:00,209.166.158.185,11
2024-11-24 00:00:00+00:00,214.171.92.184,13
2024-11-24 00:00:00+00:00,214.8.13.26,15
2024-11-24 00:00:00+00:00,217.12.70.136,11
2024-11-24 00:00:00+00:00,219.193.192.104,18
2024-11-24 00:00:00+00:00,22.141.249.21,16
2024-11-24 00:00:00+00:00,223.214.42.198,13
2024-11-24 00:00:00+00:00,24.31.178.22,23
2024-11-24 00:00:00+00:00,24.4.177.71,14
2024-11-24 00:00:00+00:00,29.27.114.171,17
2024-11-24 00:00:00+00:00,37.15.24.223,21
2024-11-24 00:00:00+00:00,39.150.227.247,19
2024-11-24 00:00:00+00:00,41.151.219.148,19
2024-11-24 00:00:00+00:00,5.192.228.162,14
2024-11-24 00:00:00+00:00,50.244.107.218,13
2024-11-24 00:00:00+00:00,54.245.53.160,25
2024-11-24 00:00:00+00:00,56.120.126.211,24
2024-11-24 00:00:00+00:00,58.2.101.108,13
2024-11-24 00:00:00+00:00,6.242.193.84,14
2024-11-24 00:00:00+00:00,62.143.34.59,12
2024-11-24 00:00:00+00:00,67.41.78.73,16
2024-11-24 00:00:00+00:00,68.228.208.244,17
2024-11-24 00:00:00+00:00,7.172.179.176,18
2024-11-24 00:00:00+00:00,70.243.4.204,13
2024-11-24 00:00:00+00:00,72.217.237.250,18
2024-11-24 00:00:00+00:00,76.235.18.151,23
2024-11-24 00:00:00+00:00,78.195.174.154,9
2024-11-24 00:00:00+00:00,78.212.134.173,18
2024-11-24 00:00:00+00:00,90.21.191.29,17
2024-11-25 00:00:00+00:00,102.187.91.125,5
2024-11-25 00:00:00+00:00,103.115.141.124,1
2024-11-25 00:00:00+00:00,104.56.17.224,3
2024-11-25 00:00:00+00:00,106.160.121.34,2
2024-11-25 00:00:00+00:00,107.226.174.63,5
2024-11-25 00:00:00+00:00,111.250.47.203,4
2024-11-25 00:00:00+00:00,111.69.229.250,4
2024-11-25 00:00:00+00:00,113.55.184.52,3
2024-11-25 00:00:00+00:00,115.89.181.210,4
2024-11-25 00:00:00+00:00,117.230.79.91,4
2024-11-25 00:00:00+00:00,118.115.183.249,6
2024-11-25 00:00:00+00:00,119.62.7.167,6
2024-11-25 00:00:00+00:00,120.253.62.85,5
2024-11-25 00:00:00+00:00,125.61.161.51,2
2024-11-25 00:00:00+00:00,133.229.116.66,1
2024-11-25 00:00:00+00:00,136.26.240.252,2
2024-11-25 00:00:00+00:00,136.90.181.159,2
2024-11-25 00:00:00+00:00,137.11.170.78,4
2024-11-25 00:00:00+00:00,141.154.127.43,4
2024-11-25 00:00:00+00:00,141.5.241.104,1
2024-11-25 00:00:00+00:00,142.143.246.145,6
2024-11-25 00:00:00+00:00,144.246.231.31,1
2024-11-25 00:00:00+00:00,144.249.254.26,4
2024-11-25 00:00:00+00:00,145.117.99.103,7
2024-11-25 00:00:00+00:00,149.217.14.138,2
2024-11-25 00:00:00+00:00,150.58.76.0,3
2024-11-25 00:00:00+00:00,151.250.3.139,2
2024-11-25 00:00:00+00:00,156.56.172.112,3
2024-11-25 00:00:00+00:00,157.198.141.148,9
2024-11-25 00:00:00+00:00,16.233.200.197,4
2024-11-25 00:00:00+00:00,164.189.71.210,2
2024-11-25 00:00:00+00:00,164.53.228.197,3
2024-11-25 00:00:00+00:00,169.65.52.73,3
2024-11-25 00:00:00+00:00,17.248.254.147,3
2024-11-25 00:00:00+00:00,171.140.167.18,2
2024-11-25 00:00:00+00:00,173.95.14.165,3
2024-11-25 00:00:00+00:00,175.145.67.14,1
2024-11-25 00:00:00+00:00,175.179.227.232,3
2024-11-25 00:00:00+00:00,175.93.112.80,1
2024-11-25 00:00:00+00:00,177.46.90.89,2
2024-11-25 00:00:00+00:00,179.100.216.188,3
2024-11-25 00:00:00+00:00,181.61.99.32,4
2024-11-25 00:00:00+00:00,183.81.170.88,2
2024-11-25 00:00:00+00:00,187.213.119.123,4
2024-11-25 00:00:00+00:00,188.23.215.54,3
2024-11-25 00:00:00+00:00,19.114.56.157,4
2024-11-25 00:00:00+00:00,19.149.44.159,5
2024-11-25 00:00:00+00:00,193.69.8.185,1
2024-11-25 00:00:00+00:00,194.223.183.212,1
2024-11-25 00:00:00+00:00,196.98.195.15,2
2024-11-25 00:00:00+00:00,198.133.184.140,2
2024-11-25 00:00:00+00:00,2.44.234.207,3
2024-11-25 00:00:00+00:00,20.239.202.176,4
2024-11-25 00:00:00+00:00,206.27.0.109,7
2024-11-25 00:00:00+00:00,207.152.106.124,2
2024-11-25 00:00:00+00:00,207.160.117.71,6
2024-11-25 00:00:00+00:00,21.210.42.50,5
2024-11-25 00:00:00+00:00,21.96.131.242,4
2024-11-25 00:00:00+00:00,214.200.118.242,5
2024-11-25 00:00:00+00:00,214.44.6.38,1
2024-11-25 00:00:00+00:00,217.215.215.53,3
2024-11-25 00:00:00+00:00,220.245.177.180,1
2024-11-25 00:00:00+00:00,221.152.44.215,2
2024-11-25 00:00:00+00:00,222.134.211.55,1
2024-11-25 00:00:00+00:00,23.2.229.142,5
2024-11-25 00:00:00+00:00,25.213.142.91,4
2024-11-25 00:00:00+00:00,27.179.154.68,1
2024-11-25 00:00:00+00:00,28.121.132.194,2
2024-11-25 00:00:00+00:00,39.18.112.216,8
2024-11-25 00:00:00+00:00,4.194.149.1,3
2024-11-25 00:00:00+00:00,4.222.21.121,5
2024-11-25 00:00:00+00:00,44.13.153.164,3
2024-11-25 00:00:00+00:00,5.127.240.67,3
2024-11-25 00:00:00+00:00,53.252.133.68,6
2024-11-25 00:00:00+00:00,53.34.174.136,3
2024-11-25 00:00:00+00:00,54.67.103.43,3
2024-11-25 00:00:00+00:00,54.91.121.206,1
2024-11-25 00:00:00+00:00,58.127.174.93,3
2024-11-25 00:00:00+00:00,58.83.151.190,3
2024-11-25 00:00:00+00:00,60.251.251.90,1
2024-11-25 00:00:00+00:00,65.19.232.223,5
2024-11-25 00:00:00+00:00,69.141.115.1,3
2024-11-25 00:00:00+00:00,69.198.186.14,1
2024-11-25 00:00:00+00:00,71.43.234.170,3
2024-11-25 00:00:00+00:00,72.176.201.234,4
2024-11-25 00:00:00+00:00,72.178.189.70,2
2024-11-25 00:00:00+00:00,72.40.248.222,4
2024-11-25 00:00:00+00:00,72.6.247.27,5
2024-11-25 00:00:00+00:00,75.240.73.37,1
2024-11-25 00:00:00+00:00,8.207.34.39,4
2024-11-25 00:00:00+00:00,81.128.203.236,4
2024-11-25 00:00:00+00:00,81.134.181.91,5
2024-11-25 00:00:00+00:00,83.52.221.8,2
2024-11-25 00:00:00+00:00,9.166.2.77,4
2024-11-25 00:00:00+00:00,97.11.70.216,1
2024-11-25 00:00:00+00:00,97.94.105.20,1
2024-11-25 00:00:00+00:00,98.241.181.91,2
2024-11-25 00:00:00+00:00,99.73.39.79,2
2024-11-26 00:00:00+00:00,1.38.231.158,7
2024-11-26 00:00:00+00:00,10.100.251.158,2
2024-11-26 00:00:00+00:00,101.110.62.197,7
2024-11-26 00:00:00+00:00,102.227.30.38,6
2024-11-26 00:00:00+00:00,104.68.6.138,9
2024-11-26 00:00:00+00:00,106.91.190.214,7
2024-11-26 00:00:00+00:00,109.121.189.33,6
2024-11-26 00:00:00+00:00,110.28.218.230,7
2024-11-26 00:00:00+00:00,114.171.156.188,11
2024-11-26 00:00:00+00:00,114.89.39.17,5
2024-11-26 00:00:00+00:00,117.137.88.172,6
2024-11-26 00:00:00+00:00,118.84.169.167,8
2024-11-26 00:00:00+00:00,119.3.47.231,6
2024-11-26 00:00:00+00:00,120.69.18.46,3
2024-11-26 00:00:00+00:00,121.197.234.141,6
2024-11-26 00:00:00+00:00,123.76.8.83,3
2024-11-26 00:00:00+00:00,124.252.221.168,6
2024-11-26 00:00:00+00:00,132.151.167.162,7
2024-11-26 00:00:00+00:00,134.75.27.134,7
2024-11-26 00:00:00+00:00,135.242.91.24,7
2024-11-26 00:00:00+00:00,137.53.233.9,7
2024-11-26 00:00:00+00:00,14.237.4.135,5
2024-11-26 00:00:00+00:00,14.39.97.77,4
2024-11-26 00:00:00+00:00,141.151.126.103,5
2024-11-26 00:00:00+00:00,145.153.158.238,1
2024-11-26 00:00:00+00:00,145.40.106.54,5
2024-11-26 00:00:00+00:00,147.52.135.67,6
2024-11-26 00:00:00+00:00,148.100.18.171,4
2024-11-26 00:00:00+00:00,148.163.147.41,7
2024-11-26 00:00:00+00:00,15.97.102.27,8
2024-11-26 00:00:00+00:00,158.57.126.251,7
2024-11-26 00:00:00+00:00,16.45.249.130,3
2024-11-26 00:00:00+00:00,164.139.126.206,3
2024-11-26 00:00:00+00:00,177.151.248.71,7
2024-11-26 00:00:00+00:00,177.5.49.117,10
2024-11-26 00:00:00+00:00,178.155.226.230,5
2024-11-26 00:00:00+00:00,179.0.81.98,5
2024-11-26 00:00:00+00:00,181.106.136.232,5
2024-11-26 00:00:00+00:00,190.195.80.147,2
2024-11-26 00:00:00+00:00,191.244.58.25,6
2024-11-26 00:00:00+00:00,195.174.197.25,4
2024-11-26 00:00:00+00:00,196.157.51.25,5
2024-11-26 00:00:00+00:00,196.190.47.35,8
2024-11-26 00:00:00+00:00,2.109.117.27,2
2024-11-26 00:00:00+00:00,200.56.136.2,4
2024-11-26 00:00:00+00:00,201.120.106.83,8
2024-11-26 00:00:00+00:00,203.143.123.141,8
2024-11-26 00:00:00+00:00,206.205.209.220,5
2024-11-26 00:00:00+00:00,207.163.123.152,8
2024-11-26 00:00:00+00:00,209.183.42.180,7
2024-11-26 00:00:00+00:00,209.222.75.195,5
2024-11-26 00:00:00+00:00,21.137.242.160,5
2024-11-26 00:00:00+00:00,21.243.41.27,8
2024-11-26 00:00:00+00:00,214.134.138.254,6
2024-11-26 00:00:00+00:00,214.88.61.214,14
2024-11-26 00:00:00+00:00,214.96.225.176,5
2024-11-26 00:00:00+00:00,215.45.225.235,6
2024-11-26 00:00:00+00:00,217.126.185.248,6
2024-11-26 00:00:00+00:00,218.190.130.53,3
2024-11-26 00:00:00+00:00,3.41.17.147,6
2024-11-26 00:00:00+00:00,3.56.110.156,5
2024-11-26 00:00:00+00:00,3.70.196.59,9
2024-11-26 00:00:00+00:00,37.175.197.241,4
2024-11-26 00:00:00+00:00,4.200.165.115,6
2024-11-26 00:00:00+00:00,41.207.217.49,3
2024-11-26 00:00:00+00:00,43.79.208.227,7
2024-11-26 00:00:00+00:00,44.212.175.13,5
2024-11-26 00:00:00+00:00,45.177.228.230,3
2024-11-26 00:00:00+00:00,47.188.114.238,7
2024-11-26 00:00:00+00:00,61.112.225.86,5
2024-11-26 00:00:00+00:00,61.12.111.65,8
2024-11-26 00:00:00+00:00,66.131.90.3,11
2024-11-26 00:00:00+00:00,69.252.84.83,5
2024-11-26 00:00:00+00:00,7.109.155.202,7
2024-11-26 00:00:00+00:00,71.13.195.21,8
2024-11-26 00:00:00+00:00,71.213.136.181,7
2024-11-26 00:00:00+00:00,72.56.125.93,5
2024-11-26 00:00:00+00:00,77.246.245.196,4
2024-11-26 00:00:00+00:00,84.219.66.16,6
2024-11-26 00:00:00+00:00,85.176.46.233,6
2024-11-26 00:00:00+00:00,86.240.13.219,8
2024-11-26 00:00:00+00:00,87.70.41.122,9
2024-11-26 00:00:00+00:00,87.80.130.211,6
2024-11-26 00:00:00+00:00,88.129.246.123,3
2024-11-26 00:00:00+00:00,9.127.152.0,7
2024-11-26 00:00:00+00:00,94.228.189.141,4
2024-11-26 00:00:00+00:00,94.85.19.121,9
2024-11-27 00:00:00+00:00,10.102.210.96,17
2024-11-27 00:00:00+00:00,102.167.10.168,8
2024-11-27 00:00:00+00:00,106.122.47.34,14
2024-11-27 00:00:00+00:00,106.187.56.124,13
2024-11-27 00:00:00+00:00,115.1.179.80,10
2024-11-27 00:00:00+00:00,119.141.16.85,14
2024-11-27 00:00:00+00:00,121.44.18.28,15
2024-11-27 00:00:00+00:00,123.219.55.114,17
2024-11-27 00:00:00+00:00,124.140.81.162,7
2024-11-27 00:00:00+00:00,124.16.137.215,13
2024-11-27 00:00:00+00:00,13.166.169.165,13
2024-11-27 00:00:00+00:00,13.188.62.85,14
2024-11-27 00:00:00+00:00,137.207.104.173,8
2024-11-27 00:00:00+00:00,138.104.255.185,12
2024-11-27 00:00:00+00:00,141.221.161.107,10
2024-11-27 00:00:00+00:00,145.209.33.213,13
2024-11-27 00:00:00+00:00,149.42.192.214,9
2024-11-27 00:00:00+00:00,15.213.194.196,16
2024-11-27 00:00:00+00:00,152.104.9.51,14
2024-11-27 00:00:00+00:00,159.14.11.6,12
2024-11-27 00:00:00+00:00,160.31.103.54,9
2024-11-27 00:00:00+00:00,162.154.74.44,16
2024-11-27 00:00:00+00:00,163.191.111.245,15
2024-11-27 00:00:00+00:00,167.63.31.231,17
2024-11-27 00:00:00+00:00,173.148.29.2,15
2024-11-27 00:00:00+00:00,175.33.20.27,18
2024-11-27 00:00:00+00:00,178.59.137.50,11
2024-11-27 00:00:00+00:00,183.179.57.200,18
2024-11-27 00:00:00+00:00,184.180.118.40,8
2024-11-27 00:00:00+00:00,186.154.234.236,13
2024-11-27 00:00:00+00:00,186.64.106.86,10
2024-11-27 00:00:00+00:00,188.98.170.96,9
2024-11-27 00:00:00+00:00,191.67.124.35,12
2024-11-27 00:00:00+00:00,193.114.23.37,5
2024-11-27 00:00:00+00:00,208.90.78.156,9
2024-11-27 00:00:00+00:00,209.0.136.67,17
2024-11-27 00:00:00+00:00,223.31.105.127,9
2024-11-27 00:00:00+00:00,28.250.122.124,13
2024-11-27 00:00:00+00:00,29.131.36.236,13
2024-11-27 00:00:00+00:00,30.161.87.98,14
2024-11-27 00:00:00+00:00,31.222.193.19,7
2024-11-27 00:00:00+00:00,35.245.28.236,8
2024-11-27 00:00:00+00:00,36.233.129.254,10
2024-11-27 00:00:00+00:00,38.199.181.151,22
2024-11-27 00:00:00+00:00,47.142.67.12,11
2024-11-27 00:00:00+00:00,50.61.148.234,13
2024-11-27 00:00:00+00:00,52.74.95.38,10
2024-11-27 00:00:00+00:00,69.107.96.93,22
2024-11-27 00:00:00+00:00,71.139.203.62,9
2024-11-27 00:00:00+00:00,72.147.47.4,16
2024-11-27 00:00:00+00:00,78.113.102.155,9
2024-11-27 00:00:00+00:00,78.218.114.1,20
2024-11-27 00:00:00+00:00,90.84.162.132,19
2024-11-27 00:00:00+00:00,94.200.143.106,13
2024-11-27 00:00:00+00:00,96.121.58.17,11
2024-11-27 00:00:00+00:00,96.33.50.50,11
2024-11-27 00:00:00+00:00,99.254.59.209,13
2024-11-28 00:00:00+00:00,10.153.249.253,7
2024-11-28 00:00:00+00:00,101.180.140.190,8
2024-11-28 00:00:00+00:00,108.2.128.138,5
2024-11-28 00:00:00+00:00,115.84.143.159,3
2024-11-28 00:00:00+00:00,118.152.53.4,8
2024-11-28 00:00:00+00:00,118.56.98.63,7
2024-11-28 00:00:00+00:00,118.73.208.213,5
2024-11-28 00:00:00+00:00,119.248.24.87,7
2024-11-28 00:00:00+00:00,12.219.23.17,9
2024-11-28 00:00:00+00:00,12.8.204.213,4
2024-11-28 00:00:00+00:00,129.164.143.197,6
2024-11-28 00:00:00+00:00,142.147.158.150,4
2024-11-28 00:00:00+00:00,143.192.159.155,7
2024-11-28 00:00:00+00:00,144.29.93.200,7
2024-11-28 00:00:00+00:00,144.46.11.236,3
2024-11-28 00:00:00+00:00,148.165.25.37,5
2024-11-28 00:00:00+00:00,152.176.198.229,6
2024-11-28 00:00:00+00:00,157.118.153.80,10
2024-11-28 00:00:00+00:00,158.2.82.4,6
2024-11-28 00:00:00+00:00,170.147.124.85,6
2024-11-28 00:00:00+00:00,174.190.189.213,6
2024-11-28 00:00:00+00:00,180.110.235.241,6
2024-11-28 00:00:00+00:00,181.121.79.211,5
2024-11-28 00:00:00+00:00,192.206.244.194,7
2024-11-28 00:00:00+00:00,193.22.112.55,9
2024-11-28 00:00:00+00:00,198.114.128.127,3
2024-11-28 00:00:00+00:00,198.114.219.92,8
2024-11-28 00:00:00+00:00,204.1.255.58,2
2024-11-28 00:00:00+00:00,215.66.250.32,9
2024-11-28 00:00:00+00:00,222.23.209.179,7
2024-11-28 00:00:00+00:00,28.8.108.51,8
2024-11-28 00:00:00+00:00,31.225.252.66,3
2024-11-28 00:00:00+00:00,34.3.112.219,10
2024-11-28 00:00:00+00:00,34.98.21.227,2
2024-11-28 00:00:00+00:00,38.54.250.37,4
2024-11-28 00:00:00+00:00,4.219.117.185,9
2024-11-28 00:00:00+00:00,45.237.193.103,8
2024-11-28 00:00:00+00:00,48.120.72.182,3
2024-11-28 00:00:00+00:00,49.194.22.206,7
2024-11-28 00:00:00+00:00,5.82.89.119,8
2024-11-28 00:00:00+00:00,54.185.15.21,2
2024-11-28 00:00:00+00:00,59.4.86.112,5
2024-11-28 00:00:00+00:00,76.16.32.91,5
2024-11-28 00:00:00+00:00,77.128.87.148,3
2024-11-28 00:00:00+00:00,8.141.247.156,3
2024-11-28 00:00:00+00:00,8.64.137.125,3
2024-11-28 00:00:00+00:00,80.212.55.30,6
2024-11-28 00:00:00+00:00,81.226.227.62,5
2024-11-28 00:00:00+00:00,86.165.148.168,4
2024-11-28 00:00:00+00:00,89.109.43.107,8
2024-11-28 00:00:00+00:00,90.44.210.87,5
2024-11-28 00:00:00+00:00,90.89.160.229,5
2024-11-28 00:00:00+00:00,96.2.60.105,3
2024-11-29 00:00:00+00:00,106.68.241.34,22
2024-11-29 00:00:00+00:00,111.188.28.45,11
2024-11-29 00:00:00+00:00,113.167.247.23,11
2024-11-29 00:00:00+00:00,113.37.155.142,17
2024-11-29 00:00:00+00:00,114.232.46.89,14
2024-11-29 00:00:00+00:00,116.177.204.127,18
2024-11-29 00:00:00+00:00,118.232.238.226,16
2024-11-29 00:00:00+00:00,119.189.15.188,20
2024-11-29 00:00:00+00:00,120.125.25.167,18
2024-11-29 00:00:00+00:00,122.71.192.88,15
2024-11-29 00:00:00+00:00,125.235.155.118,12
2024-11-29 00:00:00+00:00,129.194.6.44,12
2024-11-29 00:00:00+00:00,13.48.52.254,30
2024-11-29 00:00:00+00:00,130.174.95.192,18
2024-11-29 00:00:00+00:00,131.114.107.5,17
2024-11-29 00:00:00+00:00,131.157.82.234,11
2024-11-29 00:00:00+00:00,131.192.253.158,13
2024-11-29 00:00:00+00:00,131.211.191.22,12
2024-11-29 00:00:00+00:00,133.105.36.6,14
2024-11-29 00:00:00+00:00,133.173.121.90,15
2024-11-29 00:00:00+00:00,133.75.104.88,17
2024-11-29 00:00:00+00:00,145.100.30.16,13
2024-11-29 00:00:00+00:00,145.14.222.142,14
2024-11-29 00:00:00+00:00,146.203.151.187,20
2024-11-29 00:00:00+00:00,147.145.154.41,14
2024-11-29 00:00:00+00:00,157.33.99.206,19
2024-11-29 00:00:00+00:00,16.148.40.76,15
2024-11-29 00:00:00+00:00,160.224.158.115,18
2024-11-29 00:00:00+00:00,167.191.67.46,14
2024-11-29 00:00:00+00:00,17.222.171.23,16
2024-11-29 00:00:00+00:00,17.252.47.46,14
2024-11-29 00:00:00+00:00,17.75.17.24,16
2024-11-29 00:00:00+00:00,173.133.235.250,14
2024-11-29 00:00:00+00:00,182.217.78.198,18
2024-11-29 00:00:00+00:00,184.143.83.89,15
2024-11-29 00:00:00+00:00,186.226.107.214,20
2024-11-29 00:00:00+00:00,19.131.113.149,18
2024-11-29 00:00:00+00:00,190.186.127.165,15
2024-11-29 00:00:00+00:00,194.19.101.255,17
2024-11-29 00:00:00+00:00,194.85.83.56,13
2024-11-29 00:00:00+00:00,196.76.202.253,11
2024-11-29 00:00:00+00:00,20.136.122.230,23
2024-11-29 00:00:00+00:00,20.42.81.83,15
2024-11-29 00:00:00+00:00,20.80.248.132,14
2024-11-29 00:00:00+00:00,201.196.143.61,27
2024-11-29 00:00:00+00:00,202.99.11.81,14
2024-11-29 00:00:00+00:00,204.192.228.148,19
2024-11-29 00:00:00+00:00,207.231.232.190,24
2024-11-29 00:00:00+00:00,209.141.215.175,17
2024-11-29 00:00:00+00:00,21.165.129.87,13
2024-11-29 00:00:00+00:00,21.210.138.229,21
2024-11-29 00:00:00+00:00,211.101.16.36,15
2024-11-29 00:00:00+00:00,213.159.234.118,18
2024-11-29 00:00:00+00:00,214.85.156.190,18
2024-11-29 00:00:00+00:00,216.164.61.139,16
2024-11-29 00:00:00+00:00,217.197.250.73,18
2024-11-29 00:00:00+00:00,223.213.16.59,18
2024-11-29 00:00:00+00:00,24.169.42.110,9
2024-11-29 00:00:00+00:00,26.19.122.91,17
2024-11-29 00:00:00+00:00,26.55.34.174,20
2024-11-29 00:00:00+00:00,29.0.119.86,10
2024-11-29 00:00:00+00:00,29.115.134.145,20
2024-11-29 00:00:00+00:00,39.118.253.133,16
2024-11-29 00:00:00+00:00,40.188.22.233,22
2024-11-29 00:00:00+00:00,42.167.231.45,17
2024-11-29 00:00:00+00:00,53.127.226.169,13
2024-11-29 00:00:00+00:00,57.174.178.92,17
2024-11-29 00:00:00+00:00,57.67.248.27,16
2024-11-29 00:00:00+00:00,6.154.186.116,13
2024-11-29 00:00:00+00:00,63.217.3.151,10
2024-11-29 00:00:00+00:00,67.122.23.146,15
2024-11-29 00:00:00+00:00,72.85.20.134,9
2024-11-29 00:00:00+00:00,80.47.123.214,16
2024-11-29 00:00:00+00:00,82.166.68.159,21
2024-11-29 00:00:00+00:00,97.244.149.243,10
2024-11-29 00:00:00+00:00,98.69.136.1,11
2024-11-29 00:00:00+00:00,98.96.28.109,17
2024-11-29 00:00:00+00:00,99.44.227.6,15
2024-11-30 00:00:00+00:00,101.159.40.180,15
2024-11-30 00:00:00+00:00,101.233.55.104,18
2024-11-30 00:00:00+00:00,105.178.185.65,14
2024-11-30 00:00:00+00:00,130.63.177.171,7
2024-11-30 00:00:00+00:00,130.68.197.214,13
2024-11-30 00:00:00+00:00,132.107.223.2,11
2024-11-30 00:00:00+00:00,14.246.27.98,7
2024-11-30 00:00:00+00:00,140.139.189.137,7
2024-11-30 00:00:00+00:00,147.142.76.4,15
2024-11-30 00:00:00+00:00,154.248.153.16,8
2024-11-30 00:00:00+00:00,158.242.204.62,18
2024-11-30 00:00:00+00:00,161.89.126.144,12
2024-11-30 00:00:00+00:00,162.76.135.202,14
2024-11-30 00:00:00+00:00,167.237.86.119,11
2024-11-30 00:00:00+00:00,170.130.7.90,9
2024-11-30 00:00:00+00:00,170.38.150.235,7
2024-11-30 00:00:00+00:00,171.124.53.136,11
2024-11-30 00:00:00+00:00,177.253.216.74,12
2024-11-30 00:00:00+00:00,178.164.249.185,6
2024-11-30 00:00:00+00:00,187.20.127.192,12
2024-11-30 00:00:00+00:00,187.73.146.100,13
2024-11-30 00:00:00+00:00,189.171.51.240,15
2024-11-30 00:00:00+00:00,191.98.87.80,14
2024-11-30 00:00:00+00:00,192.76.190.181,20
2024-11-30 00:00:00+00:00,196.198.101.27,9
2024-11-30 00:00:00+00:00,20.221.15.129,13
2024-11-30 00:00:00+00:00,203.125.75.199,6
2024-11-30 00:00:00+00:00,203.62.248.150,14
2024-11-30 00:00:00+00:00,205.65.181.125,13
2024-11-30 00:00:00+00:00,208.22.55.221,9
2024-11-30 00:00:00+00:00,211.239.10.196,12
2024-11-30 00:00:00+00:00,214.44.183.77,14
2024-11-30 00:00:00+00:00,215.95.131.135,11
2024-11-30 00:00:00+00:00,220.88.40.125,9
2024-11-30 00:00:00+00:00,222.50.19.241,12
2024-11-30 00:00:00+00:00,26.139.8.140,10
2024-11-30 00:00:00+00:00,29.251.85.21,11
2024-11-30 00:00:00+00:00,3.40.131.235,11
2024-11-30 00:00:00+00:00,31.200.179.173,12
2024-11-30 00:00:00+00:00,32.134.99.134,14
2024-11-30 00:00:00+00:00,37.101.237.153,10
2024-11-30 00:00:00+00:00,37.167.176.235,10
2024-11-30 00:00:00+00:00,39.9.99.102,18
2024-11-30 00:00:00+00:00,43.93.25.59,8
2024-11-30 00:00:00+00:00,45.208.11.130,12
2024-11-30 00:00:00+00:00,56.126.1.129,13
2024-11-30 00:00:00+00:00,60.197.184.13,11
2024-11-30 00:00:00+00:00,61.23.102.74,9
2024-11-30 00:00:00+00:00,63.83.146.155,14
2024-11-30 00:00:00+00:00,67.58.139.81,14
2024-11-30 00:00:00+00:00,68.97.67.109,11
2024-11-30 00:00:00+00:00,74.237.22.181,13
2024-11-30 00:00:00+00:00,77.180.214.40,12
2024-11-30 00:00:00+00:00,90.29.68.198,13
2024-11-30 00:00:00+00:00,95.10.9.205,12
2024-12-01 00:00:00+00:00,101.223.34.221,8
2024-12-01 00:00:00+00:00,108.170.70.139,14
2024-12-01 00:00:00+00:00,109.181.232.150,8
2024-12-01 00:00:00+00:00,111.208.144.169,9
2024-12-01 00:00:00+00:00,114.170.122.23,7
2024-12-01 00:00:00+00:00,122.207.54.120,5
2024-12-01 00:00:00+00:00,122.208.230.78,8
2024-12-01 00:00:00+00:00,126.176.161.211,6
2024-12-01 00:00:00+00:00,129.109.143.53,10
2024-12-01 00:00:00+00:00,129.188.69.148,10
2024-12-01 00:00:00+00:00,131.14.101.72,6
2024-12-01 00:00:00+00:00,132.201.39.164,5
2024-12-01 00:00:00+00:00,134.81.74.6,9
2024-12-01 00:00:00+00:00,134.92.187.166,6
2024-12-01 00:00:00+00:00,138.91.100.70,10
2024-12-01 00:00:00+00:00,139.94.119.52,6
2024-12-01 00:00:00+00:00,14.36.245.46,9
2024-12-01 00:00:00+00:00,14.76.199.17,7
2024-12-01 00:00:00+00:00,144.214.93.213,7
2024-12-01 00:00:00+00:00,146.56.11.165,2
2024-12-01 00:00:00+00:00,146.73.202.77,8
2024-12-01 00:00:00+00:00,15.7.108.128,8
2024-12-01 00:00:00+00:00,150.96.242.184,7
2024-12-01 00:00:00+00:00,152.147.122.135,5
2024-12-01 00:00:00+00:00,153.162.194.159,11
2024-12-01 00:00:00+00:00,155.93.149.150,7
2024-12-01 00:00:00+00:00,159.169.33.169,4
2024-12-01 00:00:00+00:00,16.221.172.112,4
2024-12-01 00:00:00+00:00,160.208.29.225,7
2024-12-01 00:00:00+00:00,166.117.234.128,12
2024-12-01 00:00:00+00:00,168.95.230.11,7
2024-12-01 00:00:00+00:00,174.175.169.107,10
2024-12-01 00:00:00+00:00,178.240.105.127,6
2024-12-01 00:00:00+00:00,178.63.10.198,5
2024-12-01 00:00:00+00:00,179.19.42.70,6
2024-12-01 00:00:00+00:00,182.108.196.108,11
2024-12-01 00:00:00+00:00,183.140.14.228,4
2024-12-01 00:00:00+00:00,185.16.150.85,6
2024-12-01 00:00:00+00:00,185.235.2.207,10
2024-12-01 00:00:00+00:00,186.57.2.237,11
2024-12-01 00:00:00+00:00,189.228.32.112,11
2024-12-01 00:00:00+00:00,190.144.157.94,5
2024-12-01 00:00:00+00:00,193.9.62.170,10
2024-12-01 00:00:00+00:00,194.121.193.149,8
2024-12-01 00:00:00+00:00,194.125.75.102,5
2024-12-01 00:00:00+00:00,194.237.104.29,8
2024-12-01 00:00:00+00:00,198.174.212.177,10
2024-12-01 00:00:00+00:00,200.18.200.73,5
2024-12-01 00:00:00+00:00,205.112.11.32,7
2024-12-01 00:00:00+00:00,205.169.103.69,9
2024-12-01 00:00:00+00:00,205.66.186.6,3
2024-12-01 00:00:00+00:00,208.147.0.170,7
2024-12-01 00:00:00+00:00,210.135.119.95,13
2024-12-01 00:00:00+00:00,210.17.65.203,6
2024-12-01 00:00:00+00:00,215.207.204.3,9
2024-12-01 00:00:00+00:00,28.26.83.49,3
2024-12-01 00:00:00+00:00,35.197.181.28,7
2024-12-01 00:00:00+00:00,39.227.174.130,6
2024-12-01 00:00:00+00:00,4.153.246.185,13
2024-12-01 00:00:00+00:00,43.148.44.168,3
2024-12-01 00:00:00+00:00,44.229.135.93,7
2024-12-01 00:00:00+00:00,45.214.62.149,6
2024-12-01 00:00:00+00:00,47.241.125.81,4
2024-12-01 00:00:00+00:00,49.61.2.217,9
2024-12-01 00:00:00+00:00,50.150.105.22,7
2024-12-01 00:00:00+00:00,51.186.53.104,11
2024-12-01 00:00:00+00:00,63.16.60.5,5
2024-12-01 00:00:00+00:00,64.183.15.195,9
2024-12-01 00:00:00+00:00,65.133.163.167,5
2024-12-01 00:00:00+00:00,68.89.60.73,10
2024-12-01 00:00:00+00:00,69.17.82.236,4
2024-12-01 00:00:00+00:00,79.111.53.179,11
2024-12-01 00:00:00+00:00,80.125.84.238,3
2024-12-01 00:00:00+00:00,82.243.190.247,10
2024-12-01 00:00:00+00:00,84.175.73.171,8
2024-12-01 00:00:00+00:00,85.192.40.47,4
2024-12-01 00:00:00+00:00,85.208.76.36,9
2024-12-01 00:00:00+00:00,88.183.255.186,6
2024-12-01 00:00:00+00:00,89.221.205.3,4
2024-12-01 00:00:00+00:00,93.107.45.167,4
2024-12-01 00:00:00+00:00,93.43.55.56,6
2024-12-01 00:00:00+00:00,98.88.225.87,10
2024-12-02 00:00:00+00:00,103.150.215.5,17
2024-12-02 00:00:00+00:00,104.8.29.254,20
2024-12-02 00:00:00+00:00,108.242.225.90,17
2024-12-02 00:00:00+00:00,11.15.131.92,15
2024-12-02 00:00:00+00:00,110.140.26.237,14
2024-12-02 00:00:00+00:00,113.182.81.22,19
2024-12-02 00:00:00+00:00,116.116.189.227,11
2024-12-02 00:00:00+00:00,116.202.247.206,27
2024-12-02 00:00:00+00:00,116.7.236.161,18
2024-12-02 00:00:00+00:00,120.97.34.162,22
2024-12-02 00:00:00+00:00,121.241.118.60,19
2024-12-02 00:00:00+00:00,126.141.196.247,22
2024-12-02 00:00:00+00:00,132.127.255.8,16
2024-12-02 00:00:00+00:00,136.180.154.74,14
2024-12-02 00:00:00+00:00,14.113.19.255,21
2024-12-02 00:00:00+00:00,142.9.218.137,22
2024-12-02 00:00:00+00:00,145.127.226.24,8
2024-12-02 00:00:00+00:00,150.109.235.128,14
2024-12-02 00:00:00+00:00,154.125.167.82,15
2024-12-02 00:00:00+00:00,154.67.205.92,19
2024-12-02 00:00:00+00:00,162.187.128.206,20
2024-12-02 00:00:00+00:00,162.96.128.254,26
2024-12-02 00:00:00+00:00,17.132.137.187,17
2024-12-02 00:00:00+00:00,171.67.83.246,16
2024-12-02 00:00:00+00:00,18.175.220.238,20
2024-12-02 00:00:00+00:00,180.150.205.46,24
2024-12-02 00:00:00+00:00,181.130.210.9,22
2024-12-02 00:00:00+00:00,181.63.222.229,22
2024-12-02 00:00:00+00:00,188.81.139.243,14
2024-12-02 00:00:00+00:00,19.147.115.248,20
2024-12-02 00:00:00+00:00,19.30.28.144,25
2024-12-02 00:00:00+00:00,190.176.124.167,11
2024-12-02 00:00:00+00:00,197.78.2.32,18
2024-12-02 00:00:00+00:00,20.43.200.115,18
2024-12-02 00:00:00+00:00,202.64.222.121,25
2024-12-02 00:00:00+00:00,210.124.174.64,21
2024-12-02 00:00:00+00:00,212.156.4.141,19
2024-12-02 00:00:00+00:00,217.153.55.203,24
2024-12-02 00:00:00+00:00,23.111.72.180,8
2024-12-02 00:00:00+00:00,28.252.129.157,19
2024-12-02 00:00:00+00:00,43.179.253.16,13
2024-12-02 00:00:00+00:00,46.93.75.180,14
2024-12-02 00:00:00+00:00,6.93.44.237,19
2024-12-02 00:00:00+00:00,64.20.146.208,18
2024-12-02 00:00:00+00:00,64.40.213.15,15
2024-12-02 00:00:00+00:00,65.222.177.121,23
2024-12-02 00:00:00+00:00,65.227.97.196,22
2024-12-02 00:00:00+00:00,65.244.84.54,21
2024-12-02 00:00:00+00:00,65.38.66.197,16
2024-12-02 00:00:00+00:00,68.76.79.230,17
2024-12-02 00:00:00+00:00,73.197.50.10,13
2024-12-02 00:00:00+00:00,75.190.223.2,24
2024-12-02 00:00:00+00:00,77.118.96.41,23
2024-12-02 00:00:00+00:00,77.131.32.248,15
2024-12-02 00:00:00+00:00,85.36.0.103,19
2024-12-02 00:00:00+00:00,88.242.178.17,23
2024-12-02 00:00:00+00:00,9.227.189.24,23
2024-12-02 00:00:00+00:00,91.181.144.137,15
2024-12-02 00:00:00+00:00,93.148.203.103,16
2024-12-02 00:00:00+00:00,97.74.236.126,19
2024-12-02 00:00:00+00:00,99.225.192.254,16
2024-12-02 00:00:00+00:00,99.32.2.21,17
2024-12-03 00:00:00+00:00,106.39.223.0,20
2024-12-03 00:00:00+00:00,107.241.28.224,17
2024-12-03 00:00:00+00:00,108.0.12.110,13
2024-12-03 00:00:00+00:00,108.156.81.150,8
2024-12-03 00:00:00+00:00,111.52.103.81,13
2024-12-03 00:00:00+00:00,113.238.46.211,12
2024-12-03 00:00:00+00:00,114.140.151.163,12
2024-12-03 00:00:00+00:00,118.114.130.28,15
2024-12-03 00:00:00+00:00,118.159.29.94,15
2024-12-03 00:00:00+00:00,120.56.96.17,13
2024-12-03 00:00:00+00:00,123.64.59.168,9
2024-12-03 00:00:00+00:00,124.239.246.91,15
2024-12-03 00:00:00+00:00,135.6.130.48,9
2024-12-03 00:00:00+00:00,138.37.36.80,15
2024-12-03 00:00:00+00:00,14.212.137.180,8
2024-12-03 00:00:00+00:00,14.221.216.157,15
2024-12-03 00:00:00+00:00,144.65.121.194,6
2024-12-03 00:00:00+00:00,147.102.253.178,16
2024-12-03 00:00:00+00:00,147.12.74.191,14
2024-12-03 00:00:00+00:00,151.158.183.61,13
2024-12-03 00:00:00+00:00,151.228.246.120,19
2024-12-03 00:00:00+00:00,153.91.227.255,13
2024-12-03 00:00:00+00:00,155.163.98.191,17
2024-12-03 00:00:00+00:00,156.162.48.211,10
2024-12-03 00:00:00+00:00,158.64.100.30,17
2024-12-03 00:00:00+00:00,17.106.205.209,9
2024-12-03 00:00:00+00:00,170.234.205.158,21
2024-12-03 00:00:00+00:00,172.180.19.59,8
2024-12-03 00:00:00+00:00,173.163.22.222,16
2024-12-03 00:00:00+00:00,173.193.109.187,13
2024-12-03 00:00:00+00:00,173.236.55.81,14
2024-12-03 00:00:00+00:00,177.254.189.104,14
2024-12-03 00:00:00+00:00,179.231.222.11,13
2024-12-03 00:00:00+00:00,18.36.58.9,15
2024-12-03 00:00:00+00:00,18.71.30.147,13
2024-12-03 00:00:00+00:00,18.82.238.250,15
2024-12-03 00:00:00+00:00,180.226.80.17,13
2024-12-03 00:00:00+00:00,181.167.147.132,8
2024-12-03 00:00:00+00:00,183.1.206.144,18
2024-12-03 00:00:00+00:00,188.79.152.52,18
2024-12-03 00:00:00+00:00,189.111.92.235,12
2024-12-03 00:00:00+00:00,19.212.79.37,14
2024-12-03 00:00:00+00:00,19.73.173.133,19
2024-12-03 00:00:00+00:00,190.198.239.176,7
2024-12-03 00:00:00+00:00,192.241.179.12,12
2024-12-03 00:00:00+00:00,194.4.116.41,7
2024-12-03 00:00:00+00:00,195.156.178.41,13
2024-12-03 00:00:00+00:00,195.48.93.247,13
2024-12-03 00:00:00+00:00,199.99.20.207,12
2024-12-03 00:00:00+00:00,2.233.100.193,13
2024-12-03 00:00:00+00:00,20.95.123.195,20
2024-12-03 00:00:00+00:00,203.37.97.211,14
2024-12-03 00:00:00+00:00,204.54.81.189,18
2024-12-03 00:00:00+00:00,21.122.35.198,15
2024-12-03 00:00:00+00:00,210.47.110.69,10
2024-12-03 00:00:00+00:00,211.123.227.45,12
2024-12-03 00:00:00+00:00,212.255.0.65,12
2024-12-03 00:00:00+00:00,213.47.223.47,12
2024-12-03 00:00:00+00:00,215.190.1.98,9
2024-12-03 00:00:00+00:00,22.82.151.11,10
2024-12-03 00:00:00+00:00,23.83.50.17,8
2024-12-03 00:00:00+00:00,29.209.46.19,13
2024-12-03 00:00:00+00:00,3.204.73.206,19
2024-12-03 00:00:00+00:00,31.109.6.15,14
2024-12-03 00:00:00+00:00,32.212.196.194,20
2024-12-03 00:00:00+00:00,34.111.29.6,6
2024-12-03 00:00:00+00:00,4.74.36.181,13
2024-12-03 00:00:00+00:00,40.84.94.53,7
2024-12-03 00:00:00+00:00,42.124.157.169,14
2024-12-03 00:00:00+00:00,42.181.150.126,15
2024-12-03 00:00:00+00:00,43.71.235.26,13
2024-12-03 00:00:00+00:00,45.116.130.36,14
2024-12-03 00:00:00+00:00,47.135.67.59,17
2024-12-03 00:00:00+00:00,48.200.216.60,10
2024-12-03 00:00:00+00:00,49.80.119.24,11
2024-12-03 00:00:00+00:00,50.217.99.161,15
2024-12-03 00:00:00+00:00,56.159.15.8,10
2024-12-03 00:00:00+00:00,57.155.250.19,10
2024-12-03 00:00:00+00:00,63.7.5.157,16
2024-12-03 00:00:00+00:00,65.20.245.52,18
2024-12-03 00:00:00+00:00,65.60.162.82,11
2024-12-03 00:00:00+00:00,67.128.13.56,14
2024-12-03 00:00:00+00:00,68.202.78.14,11
2024-12-03 00:00:00+00:00,7.4.222.83,15
2024-12-03 00:00:00+00:00,70.30.2.128,14
2024-12-03 00:00:00+00:00,70.36.26.43,15
2024-12-03 00:00:00+00:00,70.88.8.165,13
2024-12-03 00:00:00+00:00,71.5.10.140,13
2024-12-03 00:00:00+00:00,78.81.156.184,13
2024-12-03 00:00:00+00:00,8.62.71.210,16
2024-12-03 00:00:00+00:00,84.182.56.173,6
2024-12-03 00:00:00+00:00,86.124.10.169,14
2024-12-03 00:00:00+00:00,87.120.151.132,21
2024-12-03 00:00:00+00:00,88.6.183.222,14
2024-12-03 00:00:00+00:00,9.246.226.209,9
2024-12-03 00:00:00+00:00,92.6.240.38,20
2024-12-03 00:00:00+00:00,96.99.91.155,18
2024-12-04 00:00:00+00:00,106.147.33.196,3
2024-12-04 00:00:00+00:00,106.34.123.243,2
2024-12-04 00:00:00+00:00,110.12.167.44,2
2024-12-04 00:00:00+00:00,111.254.11.133,2
2024-12-04 00:00:00+00:00,115.90.214.223,1
2024-12-04 00:00:00+00:00,116.199.174.60,4
2024-12-04 00:00:00+00:00,12.180.66.110,2
2024-12-04 00:00:00+00:00,125.147.34.129,5
2024-12-04 00:00:00+00:00,131.7.171.79,2
2024-12-04 00:00:00+00:00,136.58.126.112,1
2024-12-04 00:00:00+00:00,14.191.88.17,4
2024-12-04 00:00:00+00:00,14.59.154.94,1
2024-12-04 00:00:00+00:00,140.110.0.1,3
2024-12-04 00:00:00+00:00,140.202.169.237,2
2024-12-04 00:00:00+00:00,145.88.211.55,2
2024-12-04 00:00:00+00:00,148.182.67.100,5
2024-12-04 00:00:00+00:00,151.214.198.50,2
2024-12-04 00:00:00+00:00,163.49.243.63,6
2024-12-04 00:00:00+00:00,167.158.60.120,2
2024-12-04 00:00:00+00:00,167.53.6.100,5
2024-12-04 00:00:00+00:00,172.171.57.60,2
2024-12-04 00:00:00+00:00,176.108.139.113,4
2024-12-04 00:00:00+00:00,181.176.62.162,5
2024-12-04 00:00:00+00:00,183.128.106.111,2
2024-12-04 00:00:00+00:00,183.66.32.222,3
2024-12-04 00:00:00+00:00,190.132.222.32,5
2024-12-04 00:00:00+00:00,191.111.243.83,4
2024-12-04 00:00:00+00:00,193.70.67.46,2
2024-12-04 00:00:00+00:00,194.82.149.28,4
2024-12-04 00:00:00+00:00,2.231.52.176,3
2024-12-04 00:00:00+00:00,202.170.215.213,2
2024-12-04 00:00:00+00:00,202.60.180.86,1
2024-12-04 00:00:00+00:00,203.87.193.9,2
2024-12-04 00:00:00+00:00,213.126.17.189,4
2024-12-04 00:00:00+00:00,213.129.206.232,2
2024-12-04 00:00:00+00:00,214.15.229.242,3
2024-12-04 00:00:00+00:00,214.168.106.190,1
2024-12-04 00:00:00+00:00,215.172.210.23,3
2024-12-04 00:00:00+00:00,216.12.114.99,1
2024-12-04 00:00:00+00:00,221.103.127.40,7
2024-12-04 00:00:00+00:00,223.141.213.65,8
2024-12-04 00:00:00+00:00,223.254.99.249,1
2024-12-04 00:00:00+00:00,38.32.135.232,3
2024-12-04 00:00:00+00:00,4.193.151.77,3
2024-12-04 00:00:00+00:00,4.224.1.70,3
2024-12-04 00:00:00+00:00,41.96.219.43,5
2024-12-04 00:00:00+00:00,47.159.117.6,2
2024-12-04 00:00:00+00:00,47.54.236.24,3
2024-12-04 00:00:00+00:00,51.25.72.215,6
2024-12-04 00:00:00+00:00,53.87.182.218,1
2024-12-04 00:00:00+00:00,56.137.117.170,3
2024-12-04 00:00:00+00:00,6.234.215.42,3
2024-12-04 00:00:00+00:00,64.239.164.73,3
2024-12-04 00:00:00+00:00,67.185.160.144,3
2024-12-04 00:00:00+00:00,68.195.32.222,6
2024-12-04 00:00:00+00:00,7.226.100.122,2
2024-12-04 00:00:00+00:00,73.3.100.63,3
2024-12-04 00:00:00+00:00,74.84.3.102,6
2024-12-04 00:00:00+00:00,77.48.5.62,5
2024-12-04 00:00:00+00:00,78.99.161.24,3
2024-12-04 00:00:00+00:00,81.174.136.254,6
2024-12-04 00:00:00+00:00,82.81.196.136,2
2024-12-04 00:00:00+00:00,87.189.150.228,2
2024-12-04 00:00:00+00:00,87.212.160.57,2
2024-12-04 00:00:00+00:00,92.179.20.255,3
2024-12-04 00:00:00+00:00,94.60.77.23,3
2024-12-04 00:00:00+00:00,98.60.75.86,5
